pair_id,clip_id,category,original_path,augmented_path
0,xeno_canto_birds/7189,bird_sounds,original/0000.wav,augmented/0000.wav
1,xeno_canto_birds/2034,bird_sounds,original/0001.wav,augmented/0001.wav
2,xeno_canto_birds/7272,bird_sounds,original/0002.wav,augmented/0002.wav
3,xeno_canto_birds/6190,bird_sounds,original/0003.wav,augmented/0003.wav
4,xeno_canto_birds/9573,bird_sounds,original/0004.wav,augmented/0004.wav
5,xeno_canto_birds/191,bird_sounds,original/0005.wav,augmented/0005.wav
6,xeno_canto_birds/8468,bird_sounds,original/0006.wav,augmented/0006.wav
7,xeno_canto_birds/9126,bird_sounds,original/0007.wav,augmented/0007.wav
8,xeno_canto_birds/8690,bird_sounds,original/0008.wav,augmented/0008.wav
9,xeno_canto_birds/7557,bird_sounds,original/0009.wav,augmented/0009.wav
10,xeno_canto_birds/6438,bird_sounds,original/0010.wav,augmented/0010.wav
11,xeno_canto_birds/8979,bird_sounds,original/0011.wav,augmented/0011.wav
12,xeno_canto_birds/84,bird_sounds,original/0012.wav,augmented/0012.wav
13,xeno_canto_birds/9442,bird_sounds,original/0013.wav,augmented/0013.wav
14,xeno_canto_birds/8160,bird_sounds,original/0014.wav,augmented/0014.wav
15,xeno_canto_birds/7407,bird_sounds,original/0015.wav,augmented/0015.wav
16,xeno_canto_birds/7669,bird_sounds,original/0016.wav,augmented/0016.wav
17,xeno_canto_birds/7893,bird_sounds,original/0017.wav,augmented/0017.wav
18,xeno_canto_birds/2363,bird_sounds,original/0018.wav,augmented/0018.wav
19,xeno_canto_birds/6250,bird_sounds,original/0019.wav,augmented/0019.wav
20,xeno_canto_birds/9465,bird_sounds,original/0020.wav,augmented/0020.wav
21,xeno_canto_birds/6786,bird_sounds,original/0021.wav,augmented/0021.wav
22,xeno_canto_birds/8449,bird_sounds,original/0022.wav,augmented/0022.wav
23,xeno_canto_birds/4248,bird_sounds,original/0023.wav,augmented/0023.wav
24,xeno_canto_birds/9402,bird_sounds,original/0024.wav,augmented/0024.wav
25,xeno_canto_birds/2332,bird_sounds,original/0025.wav,augmented/0025.wav
26,xeno_canto_birds/3600,bird_sounds,original/0026.wav,augmented/0026.wav
27,xeno_canto_birds/2891,bird_sounds,original/0027.wav,augmented/0027.wav
28,xeno_canto_birds/8649,bird_sounds,original/0028.wav,augmented/0028.wav
29,xeno_canto_birds/1161,bird_sounds,original/0029.wav,augmented/0029.wav
30,xeno_canto_birds/1028,bird_sounds,original/0030.wav,augmented/0030.wav
31,xeno_canto_birds/5157,bird_sounds,original/0031.wav,augmented/0031.wav
32,xeno_canto_birds/2135,bird_sounds,original/0032.wav,augmented/0032.wav
33,xeno_canto_birds/2875,bird_sounds,original/0033.wav,augmented/0033.wav
34,xeno_canto_birds/45,bird_sounds,original/0034.wav,augmented/0034.wav
35,xeno_canto_birds/2469,bird_sounds,original/0035.wav,augmented/0035.wav
36,xeno_canto_birds/4584,bird_sounds,original/0036.wav,augmented/0036.wav
37,xeno_canto_birds/1538,bird_sounds,original/0037.wav,augmented/0037.wav
38,xeno_canto_birds/2162,bird_sounds,original/0038.wav,augmented/0038.wav
39,xeno_canto_birds/4043,bird_sounds,original/0039.wav,augmented/0039.wav
40,xeno_canto_birds/1666,bird_sounds,original/0040.wav,augmented/0040.wav
41,xeno_canto_birds/6891,bird_sounds,original/0041.wav,augmented/0041.wav
42,xeno_canto_birds/6399,bird_sounds,original/0042.wav,augmented/0042.wav
43,xeno_canto_birds/2433,bird_sounds,original/0043.wav,augmented/0043.wav
44,xeno_canto_birds/5089,bird_sounds,original/0044.wav,augmented/0044.wav
45,xeno_canto_birds/8045,bird_sounds,original/0045.wav,augmented/0045.wav
46,xeno_canto_birds/4362,bird_sounds,original/0046.wav,augmented/0046.wav
47,xeno_canto_birds/5289,bird_sounds,original/0047.wav,augmented/0047.wav
48,xeno_canto_birds/2867,bird_sounds,original/0048.wav,augmented/0048.wav
49,xeno_canto_birds/7023,bird_sounds,original/0049.wav,augmented/0049.wav
50,xeno_canto_birds/8368,bird_sounds,original/0050.wav,augmented/0050.wav
51,xeno_canto_birds/658,bird_sounds,original/0051.wav,augmented/0051.wav
52,xeno_canto_birds/9580,bird_sounds,original/0052.wav,augmented/0052.wav
53,xeno_canto_birds/4745,bird_sounds,original/0053.wav,augmented/0053.wav
54,xeno_canto_birds/4456,bird_sounds,original/0054.wav,augmented/0054.wav
55,xeno_canto_birds/557,bird_sounds,original/0055.wav,augmented/0055.wav
56,xeno_canto_birds/6581,bird_sounds,original/0056.wav,augmented/0056.wav
57,xeno_canto_birds/7726,bird_sounds,original/0057.wav,augmented/0057.wav
58,xeno_canto_birds/825,bird_sounds,original/0058.wav,augmented/0058.wav
59,xeno_canto_birds/7375,bird_sounds,original/0059.wav,augmented/0059.wav
60,xeno_canto_birds/5742,bird_sounds,original/0060.wav,augmented/0060.wav
61,xeno_canto_birds/4139,bird_sounds,original/0061.wav,augmented/0061.wav
62,xeno_canto_birds/1394,bird_sounds,original/0062.wav,augmented/0062.wav
63,xeno_canto_birds/6994,bird_sounds,original/0063.wav,augmented/0063.wav
64,xeno_canto_birds/9301,bird_sounds,original/0064.wav,augmented/0064.wav
65,xeno_canto_birds/3836,bird_sounds,original/0065.wav,augmented/0065.wav
66,xeno_canto_birds/1001,bird_sounds,original/0066.wav,augmented/0066.wav
67,xeno_canto_birds/7750,bird_sounds,original/0067.wav,augmented/0067.wav
68,xeno_canto_birds/3192,bird_sounds,original/0068.wav,augmented/0068.wav
69,xeno_canto_birds/8721,bird_sounds,original/0069.wav,augmented/0069.wav
70,xeno_canto_birds/3059,bird_sounds,original/0070.wav,augmented/0070.wav
71,xeno_canto_birds/8980,bird_sounds,original/0071.wav,augmented/0071.wav
72,xeno_canto_birds/8059,bird_sounds,original/0072.wav,augmented/0072.wav
73,xeno_canto_birds/3224,bird_sounds,original/0073.wav,augmented/0073.wav
74,xeno_canto_birds/5527,bird_sounds,original/0074.wav,augmented/0074.wav
75,xeno_canto_birds/1061,bird_sounds,original/0075.wav,augmented/0075.wav
76,xeno_canto_birds/2231,bird_sounds,original/0076.wav,augmented/0076.wav
77,xeno_canto_birds/5953,bird_sounds,original/0077.wav,augmented/0077.wav
78,xeno_canto_birds/6520,bird_sounds,original/0078.wav,augmented/0078.wav
79,xeno_canto_birds/4392,bird_sounds,original/0079.wav,augmented/0079.wav
80,xeno_canto_birds/7996,bird_sounds,original/0080.wav,augmented/0080.wav
81,xeno_canto_birds/8589,bird_sounds,original/0081.wav,augmented/0081.wav
82,xeno_canto_birds/1274,bird_sounds,original/0082.wav,augmented/0082.wav
83,xeno_canto_birds/7295,bird_sounds,original/0083.wav,augmented/0083.wav
84,xeno_canto_birds/7675,bird_sounds,original/0084.wav,augmented/0084.wav
85,xeno_canto_birds/1447,bird_sounds,original/0085.wav,augmented/0085.wav
86,xeno_canto_birds/2307,bird_sounds,original/0086.wav,augmented/0086.wav
87,xeno_canto_birds/6214,bird_sounds,original/0087.wav,augmented/0087.wav
88,xeno_canto_birds/389,bird_sounds,original/0088.wav,augmented/0088.wav
89,xeno_canto_birds/9204,bird_sounds,original/0089.wav,augmented/0089.wav
90,xeno_canto_birds/8208,bird_sounds,original/0090.wav,augmented/0090.wav
91,xeno_canto_birds/6263,bird_sounds,original/0091.wav,augmented/0091.wav
92,xeno_canto_birds/6799,bird_sounds,original/0092.wav,augmented/0092.wav
93,xeno_canto_birds/4926,bird_sounds,original/0093.wav,augmented/0093.wav
94,xeno_canto_birds/5689,bird_sounds,original/0094.wav,augmented/0094.wav
95,xeno_canto_birds/2407,bird_sounds,original/0095.wav,augmented/0095.wav
96,xeno_canto_birds/1807,bird_sounds,original/0096.wav,augmented/0096.wav
97,xeno_canto_birds/1363,bird_sounds,original/0097.wav,augmented/0097.wav
98,xeno_canto_birds/262,bird_sounds,original/0098.wav,augmented/0098.wav
99,xeno_canto_birds/7776,bird_sounds,original/0099.wav,augmented/0099.wav
100,urbansound8k/741,city_noise,original/0100.wav,augmented/0100.wav
101,urbansound8k/3196,city_noise,original/0101.wav,augmented/0101.wav
102,urbansound8k/1485,city_noise,original/0102.wav,augmented/0102.wav
103,urbansound8k/3575,city_noise,original/0103.wav,augmented/0103.wav
104,urbansound8k/5807,city_noise,original/0104.wav,augmented/0104.wav
105,urbansound8k/274,city_noise,original/0105.wav,augmented/0105.wav
106,urbansound8k/1613,city_noise,original/0106.wav,augmented/0106.wav
107,urbansound8k/7345,city_noise,original/0107.wav,augmented/0107.wav
108,urbansound8k/3309,city_noise,original/0108.wav,augmented/0108.wav
109,urbansound8k/7907,city_noise,original/0109.wav,augmented/0109.wav
110,urbansound8k/7317,city_noise,original/0110.wav,augmented/0110.wav
111,urbansound8k/3944,city_noise,original/0111.wav,augmented/0111.wav
112,urbansound8k/7772,city_noise,original/0112.wav,augmented/0112.wav
113,urbansound8k/8011,city_noise,original/0113.wav,augmented/0113.wav
114,urbansound8k/3069,city_noise,original/0114.wav,augmented/0114.wav
115,urbansound8k/2703,city_noise,original/0115.wav,augmented/0115.wav
116,urbansound8k/6433,city_noise,original/0116.wav,augmented/0116.wav
117,urbansound8k/2437,city_noise,original/0117.wav,augmented/0117.wav
118,urbansound8k/6395,city_noise,original/0118.wav,augmented/0118.wav
119,urbansound8k/6187,city_noise,original/0119.wav,augmented/0119.wav
120,urbansound8k/6866,city_noise,original/0120.wav,augmented/0120.wav
121,urbansound8k/4038,city_noise,original/0121.wav,augmented/0121.wav
122,urbansound8k/2801,city_noise,original/0122.wav,augmented/0122.wav
123,urbansound8k/2641,city_noise,original/0123.wav,augmented/0123.wav
124,urbansound8k/7378,city_noise,original/0124.wav,augmented/0124.wav
125,urbansound8k/6622,city_noise,original/0125.wav,augmented/0125.wav
126,urbansound8k/6222,city_noise,original/0126.wav,augmented/0126.wav
127,urbansound8k/4743,city_noise,original/0127.wav,augmented/0127.wav
128,urbansound8k/4742,city_noise,original/0128.wav,augmented/0128.wav
129,urbansound8k/3259,city_noise,original/0129.wav,augmented/0129.wav
130,urbansound8k/3152,city_noise,original/0130.wav,augmented/0130.wav
131,urbansound8k/1315,city_noise,original/0131.wav,augmented/0131.wav
132,urbansound8k/8243,city_noise,original/0132.wav,augmented/0132.wav
133,urbansound8k/8551,city_noise,original/0133.wav,augmented/0133.wav
134,urbansound8k/4229,city_noise,original/0134.wav,augmented/0134.wav
135,urbansound8k/4182,city_noise,original/0135.wav,augmented/0135.wav
136,urbansound8k/8161,city_noise,original/0136.wav,augmented/0136.wav
137,urbansound8k/352,city_noise,original/0137.wav,augmented/0137.wav
138,urbansound8k/8707,city_noise,original/0138.wav,augmented/0138.wav
139,urbansound8k/7413,city_noise,original/0139.wav,augmented/0139.wav
140,urbansound8k/4919,city_noise,original/0140.wav,augmented/0140.wav
141,urbansound8k/3078,city_noise,original/0141.wav,augmented/0141.wav
142,urbansound8k/1622,city_noise,original/0142.wav,augmented/0142.wav
143,urbansound8k/3131,city_noise,original/0143.wav,augmented/0143.wav
144,urbansound8k/2424,city_noise,original/0144.wav,augmented/0144.wav
145,urbansound8k/1449,city_noise,original/0145.wav,augmented/0145.wav
146,urbansound8k/1322,city_noise,original/0146.wav,augmented/0146.wav
147,urbansound8k/5069,city_noise,original/0147.wav,augmented/0147.wav
148,urbansound8k/805,city_noise,original/0148.wav,augmented/0148.wav
149,urbansound8k/4248,city_noise,original/0149.wav,augmented/0149.wav
150,urbansound8k/6515,city_noise,original/0150.wav,augmented/0150.wav
151,urbansound8k/7080,city_noise,original/0151.wav,augmented/0151.wav
152,urbansound8k/5782,city_noise,original/0152.wav,augmented/0152.wav
153,urbansound8k/503,city_noise,original/0153.wav,augmented/0153.wav
154,urbansound8k/234,city_noise,original/0154.wav,augmented/0154.wav
155,urbansound8k/3408,city_noise,original/0155.wav,augmented/0155.wav
156,urbansound8k/3289,city_noise,original/0156.wav,augmented/0156.wav
157,urbansound8k/975,city_noise,original/0157.wav,augmented/0157.wav
158,urbansound8k/5515,city_noise,original/0158.wav,augmented/0158.wav
159,urbansound8k/5178,city_noise,original/0159.wav,augmented/0159.wav
160,urbansound8k/2798,city_noise,original/0160.wav,augmented/0160.wav
161,urbansound8k/3571,city_noise,original/0161.wav,augmented/0161.wav
162,urbansound8k/691,city_noise,original/0162.wav,augmented/0162.wav
163,urbansound8k/8618,city_noise,original/0163.wav,augmented/0163.wav
164,urbansound8k/2001,city_noise,original/0164.wav,augmented/0164.wav
165,urbansound8k/6973,city_noise,original/0165.wav,augmented/0165.wav
166,urbansound8k/7642,city_noise,original/0166.wav,augmented/0166.wav
167,urbansound8k/4361,city_noise,original/0167.wav,augmented/0167.wav
168,urbansound8k/4121,city_noise,original/0168.wav,augmented/0168.wav
169,urbansound8k/1142,city_noise,original/0169.wav,augmented/0169.wav
170,urbansound8k/3637,city_noise,original/0170.wav,augmented/0170.wav
171,urbansound8k/15,city_noise,original/0171.wav,augmented/0171.wav
172,urbansound8k/4108,city_noise,original/0172.wav,augmented/0172.wav
173,urbansound8k/621,city_noise,original/0173.wav,augmented/0173.wav
174,urbansound8k/7485,city_noise,original/0174.wav,augmented/0174.wav
175,urbansound8k/3756,city_noise,original/0175.wav,augmented/0175.wav
176,urbansound8k/654,city_noise,original/0176.wav,augmented/0176.wav
177,urbansound8k/5136,city_noise,original/0177.wav,augmented/0177.wav
178,urbansound8k/6864,city_noise,original/0178.wav,augmented/0178.wav
179,urbansound8k/2086,city_noise,original/0179.wav,augmented/0179.wav
180,urbansound8k/6250,city_noise,original/0180.wav,augmented/0180.wav
181,urbansound8k/5401,city_noise,original/0181.wav,augmented/0181.wav
182,urbansound8k/1926,city_noise,original/0182.wav,augmented/0182.wav
183,urbansound8k/5864,city_noise,original/0183.wav,augmented/0183.wav
184,urbansound8k/5544,city_noise,original/0184.wav,augmented/0184.wav
185,urbansound8k/3871,city_noise,original/0185.wav,augmented/0185.wav
186,urbansound8k/1135,city_noise,original/0186.wav,augmented/0186.wav
187,urbansound8k/4264,city_noise,original/0187.wav,augmented/0187.wav
188,urbansound8k/745,city_noise,original/0188.wav,augmented/0188.wav
189,urbansound8k/3818,city_noise,original/0189.wav,augmented/0189.wav
190,urbansound8k/3932,city_noise,original/0190.wav,augmented/0190.wav
191,urbansound8k/7686,city_noise,original/0191.wav,augmented/0191.wav
192,urbansound8k/7,city_noise,original/0192.wav,augmented/0192.wav
193,urbansound8k/4765,city_noise,original/0193.wav,augmented/0193.wav
194,urbansound8k/7188,city_noise,original/0194.wav,augmented/0194.wav
195,urbansound8k/1558,city_noise,original/0195.wav,augmented/0195.wav
196,urbansound8k/2430,city_noise,original/0196.wav,augmented/0196.wav
197,urbansound8k/1197,city_noise,original/0197.wav,augmented/0197.wav
198,urbansound8k/4970,city_noise,original/0198.wav,augmented/0198.wav
199,urbansound8k/8328,city_noise,original/0199.wav,augmented/0199.wav
200,fma_small/065755,music,original/0200.wav,augmented/0200.wav
201,fma_small/122686,music,original/0201.wav,augmented/0201.wav
202,fma_small/087642,music,original/0202.wav,augmented/0202.wav
203,fma_small/047197,music,original/0203.wav,augmented/0203.wav
204,fma_small/036992,music,original/0204.wav,augmented/0204.wav
205,fma_small/117626,music,original/0205.wav,augmented/0205.wav
206,fma_small/011771,music,original/0206.wav,augmented/0206.wav
207,fma_small/139772,music,original/0207.wav,augmented/0207.wav
208,fma_small/107391,music,original/0208.wav,augmented/0208.wav
209,fma_small/083718,music,original/0209.wav,augmented/0209.wav
210,fma_small/072215,music,original/0210.wav,augmented/0210.wav
211,fma_small/105672,music,original/0211.wav,augmented/0211.wav
212,fma_small/033020,music,original/0212.wav,augmented/0212.wav
213,fma_small/114200,music,original/0213.wav,augmented/0213.wav
214,fma_small/042048,music,original/0214.wav,augmented/0214.wav
215,fma_small/126790,music,original/0215.wav,augmented/0215.wav
216,fma_small/044799,music,original/0216.wav,augmented/0216.wav
217,fma_small/112215,music,original/0217.wav,augmented/0217.wav
218,fma_small/110637,music,original/0218.wav,augmented/0218.wav
219,fma_small/008208,music,original/0219.wav,augmented/0219.wav
220,fma_small/104356,music,original/0220.wav,augmented/0220.wav
221,fma_small/038905,music,original/0221.wav,augmented/0221.wav
222,fma_small/032435,music,original/0222.wav,augmented/0222.wav
223,fma_small/123440,music,original/0223.wav,augmented/0223.wav
224,fma_small/105144,music,original/0224.wav,augmented/0224.wav
225,fma_small/070873,music,original/0225.wav,augmented/0225.wav
226,fma_small/060873,music,original/0226.wav,augmented/0226.wav
227,fma_small/085834,music,original/0227.wav,augmented/0227.wav
228,fma_small/123506,music,original/0228.wav,augmented/0228.wav
229,fma_small/126018,music,original/0229.wav,augmented/0229.wav
230,fma_small/113164,music,original/0230.wav,augmented/0230.wav
231,fma_small/107805,music,original/0231.wav,augmented/0231.wav
232,fma_small/055295,music,original/0232.wav,augmented/0232.wav
233,fma_small/022472,music,original/0233.wav,augmented/0233.wav
234,fma_small/012514,music,original/0234.wav,augmented/0234.wav
235,fma_small/071516,music,original/0235.wav,augmented/0235.wav
236,fma_small/031999,music,original/0236.wav,augmented/0236.wav
237,fma_small/009887,music,original/0237.wav,augmented/0237.wav
238,fma_small/098548,music,original/0238.wav,augmented/0238.wav
239,fma_small/050323,music,original/0239.wav,augmented/0239.wav
240,fma_small/127278,music,original/0240.wav,augmented/0240.wav
241,fma_small/126219,music,original/0241.wav,augmented/0241.wav
242,fma_small/004838,music,original/0242.wav,augmented/0242.wav
243,fma_small/081895,music,original/0243.wav,augmented/0243.wav
244,fma_small/057936,music,original/0244.wav,augmented/0244.wav
245,fma_small/117057,music,original/0245.wav,augmented/0245.wav
246,fma_small/025605,music,original/0246.wav,augmented/0246.wav
247,fma_small/030198,music,original/0247.wav,augmented/0247.wav
248,fma_small/012062,music,original/0248.wav,augmented/0248.wav
249,fma_small/148302,music,original/0249.wav,augmented/0249.wav
250,fma_small/117287,music,original/0250.wav,augmented/0250.wav
251,fma_small/035296,music,original/0251.wav,augmented/0251.wav
252,fma_small/114268,music,original/0252.wav,augmented/0252.wav
253,fma_small/006603,music,original/0253.wav,augmented/0253.wav
254,fma_small/012348,music,original/0254.wav,augmented/0254.wav
255,fma_small/127623,music,original/0255.wav,augmented/0255.wav
256,fma_small/054470,music,original/0256.wav,augmented/0256.wav
257,fma_small/057360,music,original/0257.wav,augmented/0257.wav
258,fma_small/004786,music,original/0258.wav,augmented/0258.wav
259,fma_small/044952,music,original/0259.wav,augmented/0259.wav
260,fma_small/124872,music,original/0260.wav,augmented/0260.wav
261,fma_small/130993,music,original/0261.wav,augmented/0261.wav
262,fma_small/060755,music,original/0262.wav,augmented/0262.wav
263,fma_small/143995,music,original/0263.wav,augmented/0263.wav
264,fma_small/047471,music,original/0264.wav,augmented/0264.wav
265,fma_small/111819,music,original/0265.wav,augmented/0265.wav
266,fma_small/067237,music,original/0266.wav,augmented/0266.wav
267,fma_small/110110,music,original/0267.wav,augmented/0267.wav
268,fma_small/124891,music,original/0268.wav,augmented/0268.wav
269,fma_small/044820,music,original/0269.wav,augmented/0269.wav
270,fma_small/114232,music,original/0270.wav,augmented/0270.wav
271,fma_small/113696,music,original/0271.wav,augmented/0271.wav
272,fma_small/132272,music,original/0272.wav,augmented/0272.wav
273,fma_small/003535,music,original/0273.wav,augmented/0273.wav
274,fma_small/050444,music,original/0274.wav,augmented/0274.wav
275,fma_small/114234,music,original/0275.wav,augmented/0275.wav
276,fma_small/075194,music,original/0276.wav,augmented/0276.wav
277,fma_small/052648,music,original/0277.wav,augmented/0277.wav
278,fma_small/051271,music,original/0278.wav,augmented/0278.wav
279,fma_small/027975,music,original/0279.wav,augmented/0279.wav
280,fma_small/037538,music,original/0280.wav,augmented/0280.wav
281,fma_small/088848,music,original/0281.wav,augmented/0281.wav
282,fma_small/020372,music,original/0282.wav,augmented/0282.wav
283,fma_small/111230,music,original/0283.wav,augmented/0283.wav
284,fma_small/113512,music,original/0284.wav,augmented/0284.wav
285,fma_small/004849,music,original/0285.wav,augmented/0285.wav
286,fma_small/123834,music,original/0286.wav,augmented/0286.wav
287,fma_small/080341,music,original/0287.wav,augmented/0287.wav
288,fma_small/067500,music,original/0288.wav,augmented/0288.wav
289,fma_small/064994,music,original/0289.wav,augmented/0289.wav
290,fma_small/042031,music,original/0290.wav,augmented/0290.wav
291,fma_small/035550,music,original/0291.wav,augmented/0291.wav
292,fma_small/012532,music,original/0292.wav,augmented/0292.wav
293,fma_small/097407,music,original/0293.wav,augmented/0293.wav
294,fma_small/095486,music,original/0294.wav,augmented/0294.wav
295,fma_small/038881,music,original/0295.wav,augmented/0295.wav
296,fma_small/061172,music,original/0296.wav,augmented/0296.wav
297,fma_small/110417,music,original/0297.wav,augmented/0297.wav
298,fma_small/024427,music,original/0298.wav,augmented/0298.wav
299,fma_small/080774,music,original/0299.wav,augmented/0299.wav
300,ds3500/1787,ship_vessel,original/0300.wav,augmented/0300.wav
301,ds3500/2464,ship_vessel,original/0301.wav,augmented/0301.wav
302,ds3500/692,ship_vessel,original/0302.wav,augmented/0302.wav
303,ds3500/4388,ship_vessel,original/0303.wav,augmented/0303.wav
304,ds3500/2683,ship_vessel,original/0304.wav,augmented/0304.wav
305,ds3500/2665,ship_vessel,original/0305.wav,augmented/0305.wav
306,ds3500/2517,ship_vessel,original/0306.wav,augmented/0306.wav
307,ds3500/1220,ship_vessel,original/0307.wav,augmented/0307.wav
308,ds3500/1932,ship_vessel,original/0308.wav,augmented/0308.wav
309,ds3500/4078,ship_vessel,original/0309.wav,augmented/0309.wav
310,ds3500/1848,ship_vessel,original/0310.wav,augmented/0310.wav
311,ds3500/380,ship_vessel,original/0311.wav,augmented/0311.wav
312,ds3500/61,ship_vessel,original/0312.wav,augmented/0312.wav
313,ds3500/1236,ship_vessel,original/0313.wav,augmented/0313.wav
314,ds3500/4032,ship_vessel,original/0314.wav,augmented/0314.wav
315,ds3500/155,ship_vessel,original/0315.wav,augmented/0315.wav
316,ds3500/266,ship_vessel,original/0316.wav,augmented/0316.wav
317,ds3500/1911,ship_vessel,original/0317.wav,augmented/0317.wav
318,ds3500/2642,ship_vessel,original/0318.wav,augmented/0318.wav
319,ds3500/1465,ship_vessel,original/0319.wav,augmented/0319.wav
320,ds3500/472,ship_vessel,original/0320.wav,augmented/0320.wav
321,ds3500/2,ship_vessel,original/0321.wav,augmented/0321.wav
322,ds3500/4416,ship_vessel,original/0322.wav,augmented/0322.wav
323,ds3500/3071,ship_vessel,original/0323.wav,augmented/0323.wav
324,ds3500/3360,ship_vessel,original/0324.wav,augmented/0324.wav
325,ds3500/3879,ship_vessel,original/0325.wav,augmented/0325.wav
326,ds3500/1929,ship_vessel,original/0326.wav,augmented/0326.wav
327,ds3500/439,ship_vessel,original/0327.wav,augmented/0327.wav
328,ds3500/2393,ship_vessel,original/0328.wav,augmented/0328.wav
329,ds3500/131,ship_vessel,original/0329.wav,augmented/0329.wav
330,ds3500/1302,ship_vessel,original/0330.wav,augmented/0330.wav
331,ds3500/4376,ship_vessel,original/0331.wav,augmented/0331.wav
332,ds3500/3449,ship_vessel,original/0332.wav,augmented/0332.wav
333,ds3500/2793,ship_vessel,original/0333.wav,augmented/0333.wav
334,ds3500/1247,ship_vessel,original/0334.wav,augmented/0334.wav
335,ds3500/1455,ship_vessel,original/0335.wav,augmented/0335.wav
336,ds3500/3354,ship_vessel,original/0336.wav,augmented/0336.wav
337,ds3500/3148,ship_vessel,original/0337.wav,augmented/0337.wav
338,ds3500/14,ship_vessel,original/0338.wav,augmented/0338.wav
339,ds3500/2372,ship_vessel,original/0339.wav,augmented/0339.wav
340,ds3500/183,ship_vessel,original/0340.wav,augmented/0340.wav
341,ds3500/1405,ship_vessel,original/0341.wav,augmented/0341.wav
342,ds3500/2073,ship_vessel,original/0342.wav,augmented/0342.wav
343,ds3500/1144,ship_vessel,original/0343.wav,augmented/0343.wav
344,ds3500/1579,ship_vessel,original/0344.wav,augmented/0344.wav
345,ds3500/2759,ship_vessel,original/0345.wav,augmented/0345.wav
346,ds3500/3946,ship_vessel,original/0346.wav,augmented/0346.wav
347,ds3500/2980,ship_vessel,original/0347.wav,augmented/0347.wav
348,ds3500/2545,ship_vessel,original/0348.wav,augmented/0348.wav
349,ds3500/2589,ship_vessel,original/0349.wav,augmented/0349.wav
350,ds3500/3189,ship_vessel,original/0350.wav,augmented/0350.wav
351,ds3500/3933,ship_vessel,original/0351.wav,augmented/0351.wav
352,ds3500/3590,ship_vessel,original/0352.wav,augmented/0352.wav
353,ds3500/3319,ship_vessel,original/0353.wav,augmented/0353.wav
354,ds3500/3197,ship_vessel,original/0354.wav,augmented/0354.wav
355,ds3500/2575,ship_vessel,original/0355.wav,augmented/0355.wav
356,ds3500/1951,ship_vessel,original/0356.wav,augmented/0356.wav
357,ds3500/1380,ship_vessel,original/0357.wav,augmented/0357.wav
358,ds3500/2399,ship_vessel,original/0358.wav,augmented/0358.wav
359,ds3500/4187,ship_vessel,original/0359.wav,augmented/0359.wav
360,ds3500/2741,ship_vessel,original/0360.wav,augmented/0360.wav
361,ds3500/202,ship_vessel,original/0361.wav,augmented/0361.wav
362,ds3500/271,ship_vessel,original/0362.wav,augmented/0362.wav
363,ds3500/2179,ship_vessel,original/0363.wav,augmented/0363.wav
364,ds3500/2296,ship_vessel,original/0364.wav,augmented/0364.wav
365,ds3500/933,ship_vessel,original/0365.wav,augmented/0365.wav
366,ds3500/3283,ship_vessel,original/0366.wav,augmented/0366.wav
367,ds3500/3726,ship_vessel,original/0367.wav,augmented/0367.wav
368,ds3500/3666,ship_vessel,original/0368.wav,augmented/0368.wav
369,ds3500/941,ship_vessel,original/0369.wav,augmented/0369.wav
370,ds3500/1081,ship_vessel,original/0370.wav,augmented/0370.wav
371,ds3500/2219,ship_vessel,original/0371.wav,augmented/0371.wav
372,ds3500/4354,ship_vessel,original/0372.wav,augmented/0372.wav
373,ds3500/4035,ship_vessel,original/0373.wav,augmented/0373.wav
374,ds3500/3581,ship_vessel,original/0374.wav,augmented/0374.wav
375,ds3500/3457,ship_vessel,original/0375.wav,augmented/0375.wav
376,ds3500/1740,ship_vessel,original/0376.wav,augmented/0376.wav
377,ds3500/3916,ship_vessel,original/0377.wav,augmented/0377.wav
378,ds3500/1198,ship_vessel,original/0378.wav,augmented/0378.wav
379,ds3500/3563,ship_vessel,original/0379.wav,augmented/0379.wav
380,ds3500/761,ship_vessel,original/0380.wav,augmented/0380.wav
381,ds3500/3580,ship_vessel,original/0381.wav,augmented/0381.wav
382,ds3500/2754,ship_vessel,original/0382.wav,augmented/0382.wav
383,ds3500/4156,ship_vessel,original/0383.wav,augmented/0383.wav
384,ds3500/2918,ship_vessel,original/0384.wav,augmented/0384.wav
385,ds3500/3694,ship_vessel,original/0385.wav,augmented/0385.wav
386,ds3500/2095,ship_vessel,original/0386.wav,augmented/0386.wav
387,ds3500/296,ship_vessel,original/0387.wav,augmented/0387.wav
388,ds3500/820,ship_vessel,original/0388.wav,augmented/0388.wav
389,ds3500/1459,ship_vessel,original/0389.wav,augmented/0389.wav
390,ds3500/1565,ship_vessel,original/0390.wav,augmented/0390.wav
391,ds3500/3210,ship_vessel,original/0391.wav,augmented/0391.wav
392,ds3500/821,ship_vessel,original/0392.wav,augmented/0392.wav
393,ds3500/2534,ship_vessel,original/0393.wav,augmented/0393.wav
394,ds3500/3035,ship_vessel,original/0394.wav,augmented/0394.wav
395,ds3500/1972,ship_vessel,original/0395.wav,augmented/0395.wav
396,ds3500/2508,ship_vessel,original/0396.wav,augmented/0396.wav
397,ds3500/700,ship_vessel,original/0397.wav,augmented/0397.wav
398,ds3500/384,ship_vessel,original/0398.wav,augmented/0398.wav
399,ds3500/2149,ship_vessel,original/0399.wav,augmented/0399.wav
400,librispeech_en/3440-171009-0047,speech,original/0400.wav,augmented/0400.wav
401,librispeech_en/198-209-0020,speech,original/0401.wav,augmented/0401.wav
402,librispeech_en/4680-16042-0039,speech,original/0402.wav,augmented/0402.wav
403,librispeech_en/5339-14134-0006,speech,original/0403.wav,augmented/0403.wav
404,librispeech_en/2514-149482-0071,speech,original/0404.wav,augmented/0404.wav
405,librispeech_en/2911-15084-0000,speech,original/0405.wav,augmented/0405.wav
406,librispeech_en/3486-166424-0035,speech,original/0406.wav,augmented/0406.wav
407,librispeech_en/3440-171009-0079,speech,original/0407.wav,augmented/0407.wav
408,librispeech_en/6529-62554-0004,speech,original/0408.wav,augmented/0408.wav
409,librispeech_en/1578-6379-0044,speech,original/0409.wav,augmented/0409.wav
410,librispeech_en/374-180298-0032,speech,original/0410.wav,augmented/0410.wav
411,librispeech_en/60-121082-0020,speech,original/0411.wav,augmented/0411.wav
412,librispeech_en/32-21634-0012,speech,original/0412.wav,augmented/0412.wav
413,librispeech_en/248-130644-0019,speech,original/0413.wav,augmented/0413.wav
414,librispeech_en/322-124146-0025,speech,original/0414.wav,augmented/0414.wav
415,librispeech_en/3214-167602-0035,speech,original/0415.wav,augmented/0415.wav
416,librispeech_en/3486-166424-0050,speech,original/0416.wav,augmented/0416.wav
417,librispeech_en/322-124147-0010,speech,original/0417.wav,augmented/0417.wav
418,librispeech_en/7264-92314-0013,speech,original/0418.wav,augmented/0418.wav
419,librispeech_en/3486-166424-0067,speech,original/0419.wav,augmented/0419.wav
420,librispeech_en/196-122150-0022,speech,original/0420.wav,augmented/0420.wav
421,librispeech_en/3214-167602-0010,speech,original/0421.wav,augmented/0421.wav
422,librispeech_en/322-124147-0014,speech,original/0422.wav,augmented/0422.wav
423,librispeech_en/8797-294123-0097,speech,original/0423.wav,augmented/0423.wav
424,librispeech_en/4267-287369-0025,speech,original/0424.wav,augmented/0424.wav
425,librispeech_en/6836-76549-0024,speech,original/0425.wav,augmented/0425.wav
426,librispeech_en/4267-72637-0019,speech,original/0426.wav,augmented/0426.wav
427,librispeech_en/1553-140048-0011,speech,original/0427.wav,augmented/0427.wav
428,librispeech_en/4267-72637-0027,speech,original/0428.wav,augmented/0428.wav
429,librispeech_en/3486-166446-0028,speech,original/0429.wav,augmented/0429.wav
430,librispeech_en/4267-78186-0026,speech,original/0430.wav,augmented/0430.wav
431,librispeech_en/4267-78186-0009,speech,original/0431.wav,augmented/0431.wav
432,librispeech_en/7800-283492-0025,speech,original/0432.wav,augmented/0432.wav
433,librispeech_en/196-122150-0017,speech,original/0433.wav,augmented/0433.wav
434,librispeech_en/7447-91187-0000,speech,original/0434.wav,augmented/0434.wav
435,librispeech_en/2764-36616-0020,speech,original/0435.wav,augmented/0435.wav
436,librispeech_en/2514-149482-0014,speech,original/0436.wav,augmented/0436.wav
437,librispeech_en/198-209-0026,speech,original/0437.wav,augmented/0437.wav
438,librispeech_en/374-180299-0044,speech,original/0438.wav,augmented/0438.wav
439,librispeech_en/322-124147-0042,speech,original/0439.wav,augmented/0439.wav
440,librispeech_en/1578-6379-0041,speech,original/0440.wav,augmented/0440.wav
441,librispeech_en/3168-173564-0043,speech,original/0441.wav,augmented/0441.wav
442,librispeech_en/4680-16026-0027,speech,original/0442.wav,augmented/0442.wav
443,librispeech_en/2764-36617-0036,speech,original/0443.wav,augmented/0443.wav
444,librispeech_en/3168-173565-0000,speech,original/0444.wav,augmented/0444.wav
445,librispeech_en/4340-15220-0004,speech,original/0445.wav,augmented/0445.wav
446,librispeech_en/8797-294123-0029,speech,original/0446.wav,augmented/0446.wav
447,librispeech_en/248-130697-0016,speech,original/0447.wav,augmented/0447.wav
448,librispeech_en/26-495-0064,speech,original/0448.wav,augmented/0448.wav
449,librispeech_en/1578-140045-0005,speech,original/0449.wav,augmented/0449.wav
450,librispeech_en/8797-294123-0015,speech,original/0450.wav,augmented/0450.wav
451,librispeech_en/1553-140048-0006,speech,original/0451.wav,augmented/0451.wav
452,librispeech_en/4680-16042-0000,speech,original/0452.wav,augmented/0452.wav
453,librispeech_en/5322-7678-0030,speech,original/0453.wav,augmented/0453.wav
454,librispeech_en/60-121082-0075,speech,original/0454.wav,augmented/0454.wav
455,librispeech_en/32-4137-0015,speech,original/0455.wav,augmented/0455.wav
456,librispeech_en/2911-7601-0016,speech,original/0456.wav,augmented/0456.wav
457,librispeech_en/26-495-0058,speech,original/0457.wav,augmented/0457.wav
458,librispeech_en/7447-91186-0042,speech,original/0458.wav,augmented/0458.wav
459,librispeech_en/26-495-0005,speech,original/0459.wav,augmented/0459.wav
460,librispeech_en/60-121082-0003,speech,original/0460.wav,augmented/0460.wav
461,librispeech_en/374-180298-0048,speech,original/0461.wav,augmented/0461.wav
462,librispeech_en/8797-294123-0032,speech,original/0462.wav,augmented/0462.wav
463,librispeech_en/8797-294123-0036,speech,original/0463.wav,augmented/0463.wav
464,librispeech_en/8797-294123-0034,speech,original/0464.wav,augmented/0464.wav
465,librispeech_en/198-126831-0052,speech,original/0465.wav,augmented/0465.wav
466,librispeech_en/26-495-0089,speech,original/0466.wav,augmented/0466.wav
467,librispeech_en/2514-149482-0030,speech,original/0467.wav,augmented/0467.wav
468,librispeech_en/3440-171009-0078,speech,original/0468.wav,augmented/0468.wav
469,librispeech_en/26-495-0029,speech,original/0469.wav,augmented/0469.wav
470,librispeech_en/5322-7680-0007,speech,original/0470.wav,augmented/0470.wav
471,librispeech_en/6836-61803-0006,speech,original/0471.wav,augmented/0471.wav
472,librispeech_en/248-130644-0010,speech,original/0472.wav,augmented/0472.wav
473,librispeech_en/1578-6379-0001,speech,original/0473.wav,augmented/0473.wav
474,librispeech_en/60-121082-0018,speech,original/0474.wav,augmented/0474.wav
475,librispeech_en/307-127535-0041,speech,original/0475.wav,augmented/0475.wav
476,librispeech_en/6836-76549-0018,speech,original/0476.wav,augmented/0476.wav
477,librispeech_en/322-124147-0057,speech,original/0477.wav,augmented/0477.wav
478,librispeech_en/8797-294123-0063,speech,original/0478.wav,augmented/0478.wav
479,librispeech_en/2893-139310-0000,speech,original/0479.wav,augmented/0479.wav
480,librispeech_en/4680-16042-0038,speech,original/0480.wav,augmented/0480.wav
481,librispeech_en/7264-92314-0011,speech,original/0481.wav,augmented/0481.wav
482,librispeech_en/3214-167606-0004,speech,original/0482.wav,augmented/0482.wav
483,librispeech_en/2911-15084-0003,speech,original/0483.wav,augmented/0483.wav
484,librispeech_en/32-21625-0009,speech,original/0484.wav,augmented/0484.wav
485,librispeech_en/3440-171009-0075,speech,original/0485.wav,augmented/0485.wav
486,librispeech_en/60-121082-0022,speech,original/0486.wav,augmented/0486.wav
487,librispeech_en/26-495-0031,speech,original/0487.wav,augmented/0487.wav
488,librispeech_en/125-121124-0070,speech,original/0488.wav,augmented/0488.wav
489,librispeech_en/8797-294123-0022,speech,original/0489.wav,augmented/0489.wav
490,librispeech_en/26-495-0039,speech,original/0490.wav,augmented/0490.wav
491,librispeech_en/32-21634-0018,speech,original/0491.wav,augmented/0491.wav
492,librispeech_en/2764-36617-0018,speech,original/0492.wav,augmented/0492.wav
493,librispeech_en/2911-15045-0025,speech,original/0493.wav,augmented/0493.wav
494,librispeech_en/307-127535-0034,speech,original/0494.wav,augmented/0494.wav
495,librispeech_en/307-127535-0016,speech,original/0495.wav,augmented/0495.wav
496,librispeech_en/3214-167602-0019,speech,original/0496.wav,augmented/0496.wav
497,librispeech_en/2893-139310-0046,speech,original/0497.wav,augmented/0497.wav
498,librispeech_en/7264-92314-0001,speech,original/0498.wav,augmented/0498.wav
499,librispeech_en/374-180299-0038,speech,original/0499.wav,augmented/0499.wav
