zip_member,class_name,label,session,fold
shipsear_5s_16k/0/0_0/0_0_1.wav,A,0,0_0,0
shipsear_5s_16k/0/0_0/0_0_10.wav,A,0,0_0,0
shipsear_5s_16k/0/0_0/0_0_11.wav,A,0,0_0,0
shipsear_5s_16k/0/0_0/0_0_12.wav,A,0,0_0,0
shipsear_5s_16k/0/0_0/0_0_13.wav,A,0,0_0,0
shipsear_5s_16k/0/0_0/0_0_14.wav,A,0,0_0,0
shipsear_5s_16k/0/0_0/0_0_15.wav,A,0,0_0,0
shipsear_5s_16k/0/0_0/0_0_16.wav,A,0,0_0,0
shipsear_5s_16k/0/0_0/0_0_17.wav,A,0,0_0,0
shipsear_5s_16k/0/0_0/0_0_18.wav,A,0,0_0,0
shipsear_5s_16k/0/0_0/0_0_19.wav,A,0,0_0,0
shipsear_5s_16k/0/0_0/0_0_2.wav,A,0,0_0,0
shipsear_5s_16k/0/0_0/0_0_20.wav,A,0,0_0,0
shipsear_5s_16k/0/0_0/0_0_21.wav,A,0,0_0,0
shipsear_5s_16k/0/0_0/0_0_22.wav,A,0,0_0,0
shipsear_5s_16k/0/0_0/0_0_23.wav,A,0,0_0,0
shipsear_5s_16k/0/0_0/0_0_24.wav,A,0,0_0,0
shipsear_5s_16k/0/0_0/0_0_25.wav,A,0,0_0,0
shipsear_5s_16k/0/0_0/0_0_26.wav,A,0,0_0,0
shipsear_5s_16k/0/0_0/0_0_27.wav,A,0,0_0,0
shipsear_5s_16k/0/0_0/0_0_28.wav,A,0,0_0,0
shipsear_5s_16k/0/0_0/0_0_29.wav,A,0,0_0,0
shipsear_5s_16k/0/0_0/0_0_3.wav,A,0,0_0,0
shipsear_5s_16k/0/0_0/0_0_30.wav,A,0,0_0,0
shipsear_5s_16k/0/0_0/0_0_31.wav,A,0,0_0,0
shipsear_5s_16k/0/0_0/0_0_32.wav,A,0,0_0,0
shipsear_5s_16k/0/0_0/0_0_33.wav,A,0,0_0,0
shipsear_5s_16k/0/0_0/0_0_34.wav,A,0,0_0,0
shipsear_5s_16k/0/0_0/0_0_35.wav,A,0,0_0,0
shipsear_5s_16k/0/0_0/0_0_36.wav,A,0,0_0,0
shipsear_5s_16k/0/0_0/0_0_37.wav,A,0,0_0,0
shipsear_5s_16k/0/0_0/0_0_38.wav,A,0,0_0,0
shipsear_5s_16k/0/0_0/0_0_39.wav,A,0,0_0,0
shipsear_5s_16k/0/0_0/0_0_4.wav,A,0,0_0,0
shipsear_5s_16k/0/0_0/0_0_40.wav,A,0,0_0,0
shipsear_5s_16k/0/0_0/0_0_41.wav,A,0,0_0,0
shipsear_5s_16k/0/0_0/0_0_42.wav,A,0,0_0,0
shipsear_5s_16k/0/0_0/0_0_43.wav,A,0,0_0,0
shipsear_5s_16k/0/0_0/0_0_44.wav,A,0,0_0,0
shipsear_5s_16k/0/0_0/0_0_45.wav,A,0,0_0,0
shipsear_5s_16k/0/0_0/0_0_46.wav,A,0,0_0,0
shipsear_5s_16k/0/0_0/0_0_47.wav,A,0,0_0,0
shipsear_5s_16k/0/0_0/0_0_48.wav,A,0,0_0,0
shipsear_5s_16k/0/0_0/0_0_49.wav,A,0,0_0,0
shipsear_5s_16k/0/0_0/0_0_5.wav,A,0,0_0,0
shipsear_5s_16k/0/0_0/0_0_50.wav,A,0,0_0,0
shipsear_5s_16k/0/0_0/0_0_51.wav,A,0,0_0,0
shipsear_5s_16k/0/0_0/0_0_52.wav,A,0,0_0,0
shipsear_5s_16k/0/0_0/0_0_6.wav,A,0,0_0,0
shipsear_5s_16k/0/0_0/0_0_7.wav,A,0,0_0,0
shipsear_5s_16k/0/0_0/0_0_8.wav,A,0,0_0,0
shipsear_5s_16k/0/0_0/0_0_9.wav,A,0,0_0,0
shipsear_5s_16k/0/0_1/0_1_1.wav,A,0,0_1,1
shipsear_5s_16k/0/0_1/0_1_10.wav,A,0,0_1,1
shipsear_5s_16k/0/0_1/0_1_100.wav,A,0,0_1,1
shipsear_5s_16k/0/0_1/0_1_101.wav,A,0,0_1,1
shipsear_5s_16k/0/0_1/0_1_11.wav,A,0,0_1,1
shipsear_5s_16k/0/0_1/0_1_12.wav,A,0,0_1,1
shipsear_5s_16k/0/0_1/0_1_13.wav,A,0,0_1,1
shipsear_5s_16k/0/0_1/0_1_14.wav,A,0,0_1,1
shipsear_5s_16k/0/0_1/0_1_15.wav,A,0,0_1,1
shipsear_5s_16k/0/0_1/0_1_16.wav,A,0,0_1,1
shipsear_5s_16k/0/0_1/0_1_17.wav,A,0,0_1,1
shipsear_5s_16k/0/0_1/0_1_18.wav,A,0,0_1,1
shipsear_5s_16k/0/0_1/0_1_19.wav,A,0,0_1,1
shipsear_5s_16k/0/0_1/0_1_2.wav,A,0,0_1,1
shipsear_5s_16k/0/0_1/0_1_20.wav,A,0,0_1,1
shipsear_5s_16k/0/0_1/0_1_21.wav,A,0,0_1,1
shipsear_5s_16k/0/0_1/0_1_22.wav,A,0,0_1,1
shipsear_5s_16k/0/0_1/0_1_23.wav,A,0,0_1,1
shipsear_5s_16k/0/0_1/0_1_24.wav,A,0,0_1,1
shipsear_5s_16k/0/0_1/0_1_25.wav,A,0,0_1,1
shipsear_5s_16k/0/0_1/0_1_26.wav,A,0,0_1,1
shipsear_5s_16k/0/0_1/0_1_27.wav,A,0,0_1,1
shipsear_5s_16k/0/0_1/0_1_28.wav,A,0,0_1,1
shipsear_5s_16k/0/0_1/0_1_29.wav,A,0,0_1,1
shipsear_5s_16k/0/0_1/0_1_3.wav,A,0,0_1,1
shipsear_5s_16k/0/0_1/0_1_30.wav,A,0,0_1,1
shipsear_5s_16k/0/0_1/0_1_31.wav,A,0,0_1,1
shipsear_5s_16k/0/0_1/0_1_32.wav,A,0,0_1,1
shipsear_5s_16k/0/0_1/0_1_33.wav,A,0,0_1,1
shipsear_5s_16k/0/0_1/0_1_34.wav,A,0,0_1,1
shipsear_5s_16k/0/0_1/0_1_35.wav,A,0,0_1,1
shipsear_5s_16k/0/0_1/0_1_36.wav,A,0,0_1,1
shipsear_5s_16k/0/0_1/0_1_37.wav,A,0,0_1,1
shipsear_5s_16k/0/0_1/0_1_38.wav,A,0,0_1,1
shipsear_5s_16k/0/0_1/0_1_39.wav,A,0,0_1,1
shipsear_5s_16k/0/0_1/0_1_4.wav,A,0,0_1,1
shipsear_5s_16k/0/0_1/0_1_40.wav,A,0,0_1,1
shipsear_5s_16k/0/0_1/0_1_41.wav,A,0,0_1,1
shipsear_5s_16k/0/0_1/0_1_42.wav,A,0,0_1,1
shipsear_5s_16k/0/0_1/0_1_43.wav,A,0,0_1,1
shipsear_5s_16k/0/0_1/0_1_44.wav,A,0,0_1,1
shipsear_5s_16k/0/0_1/0_1_45.wav,A,0,0_1,1
shipsear_5s_16k/0/0_1/0_1_46.wav,A,0,0_1,1
shipsear_5s_16k/0/0_1/0_1_47.wav,A,0,0_1,1
shipsear_5s_16k/0/0_1/0_1_48.wav,A,0,0_1,1
shipsear_5s_16k/0/0_1/0_1_49.wav,A,0,0_1,1
shipsear_5s_16k/0/0_1/0_1_5.wav,A,0,0_1,1
shipsear_5s_16k/0/0_1/0_1_50.wav,A,0,0_1,1
shipsear_5s_16k/0/0_1/0_1_51.wav,A,0,0_1,1
shipsear_5s_16k/0/0_1/0_1_52.wav,A,0,0_1,1
shipsear_5s_16k/0/0_1/0_1_53.wav,A,0,0_1,1
shipsear_5s_16k/0/0_1/0_1_54.wav,A,0,0_1,1
shipsear_5s_16k/0/0_1/0_1_55.wav,A,0,0_1,1
shipsear_5s_16k/0/0_1/0_1_56.wav,A,0,0_1,1
shipsear_5s_16k/0/0_1/0_1_57.wav,A,0,0_1,1
shipsear_5s_16k/0/0_1/0_1_58.wav,A,0,0_1,1
shipsear_5s_16k/0/0_1/0_1_59.wav,A,0,0_1,1
shipsear_5s_16k/0/0_1/0_1_6.wav,A,0,0_1,1
shipsear_5s_16k/0/0_1/0_1_60.wav,A,0,0_1,1
shipsear_5s_16k/0/0_1/0_1_61.wav,A,0,0_1,1
shipsear_5s_16k/0/0_1/0_1_62.wav,A,0,0_1,1
shipsear_5s_16k/0/0_1/0_1_63.wav,A,0,0_1,1
shipsear_5s_16k/0/0_1/0_1_64.wav,A,0,0_1,1
shipsear_5s_16k/0/0_1/0_1_65.wav,A,0,0_1,1
shipsear_5s_16k/0/0_1/0_1_66.wav,A,0,0_1,1
shipsear_5s_16k/0/0_1/0_1_67.wav,A,0,0_1,1
shipsear_5s_16k/0/0_1/0_1_68.wav,A,0,0_1,1
shipsear_5s_16k/0/0_1/0_1_69.wav,A,0,0_1,1
shipsear_5s_16k/0/0_1/0_1_7.wav,A,0,0_1,1
shipsear_5s_16k/0/0_1/0_1_70.wav,A,0,0_1,1
shipsear_5s_16k/0/0_1/0_1_71.wav,A,0,0_1,1
shipsear_5s_16k/0/0_1/0_1_72.wav,A,0,0_1,1
shipsear_5s_16k/0/0_1/0_1_73.wav,A,0,0_1,1
shipsear_5s_16k/0/0_1/0_1_74.wav,A,0,0_1,1
shipsear_5s_16k/0/0_1/0_1_75.wav,A,0,0_1,1
shipsear_5s_16k/0/0_1/0_1_76.wav,A,0,0_1,1
shipsear_5s_16k/0/0_1/0_1_77.wav,A,0,0_1,1
shipsear_5s_16k/0/0_1/0_1_78.wav,A,0,0_1,1
shipsear_5s_16k/0/0_1/0_1_79.wav,A,0,0_1,1
shipsear_5s_16k/0/0_1/0_1_8.wav,A,0,0_1,1
shipsear_5s_16k/0/0_1/0_1_80.wav,A,0,0_1,1
shipsear_5s_16k/0/0_1/0_1_81.wav,A,0,0_1,1
shipsear_5s_16k/0/0_1/0_1_82.wav,A,0,0_1,1
shipsear_5s_16k/0/0_1/0_1_83.wav,A,0,0_1,1
shipsear_5s_16k/0/0_1/0_1_84.wav,A,0,0_1,1
shipsear_5s_16k/0/0_1/0_1_85.wav,A,0,0_1,1
shipsear_5s_16k/0/0_1/0_1_86.wav,A,0,0_1,1
shipsear_5s_16k/0/0_1/0_1_87.wav,A,0,0_1,1
shipsear_5s_16k/0/0_1/0_1_88.wav,A,0,0_1,1
shipsear_5s_16k/0/0_1/0_1_89.wav,A,0,0_1,1
shipsear_5s_16k/0/0_1/0_1_9.wav,A,0,0_1,1
shipsear_5s_16k/0/0_1/0_1_90.wav,A,0,0_1,1
shipsear_5s_16k/0/0_1/0_1_91.wav,A,0,0_1,1
shipsear_5s_16k/0/0_1/0_1_92.wav,A,0,0_1,1
shipsear_5s_16k/0/0_1/0_1_93.wav,A,0,0_1,1
shipsear_5s_16k/0/0_1/0_1_94.wav,A,0,0_1,1
shipsear_5s_16k/0/0_1/0_1_95.wav,A,0,0_1,1
shipsear_5s_16k/0/0_1/0_1_96.wav,A,0,0_1,1
shipsear_5s_16k/0/0_1/0_1_97.wav,A,0,0_1,1
shipsear_5s_16k/0/0_1/0_1_98.wav,A,0,0_1,1
shipsear_5s_16k/0/0_1/0_1_99.wav,A,0,0_1,1
shipsear_5s_16k/0/0_2/0_2_1.wav,A,0,0_2,2
shipsear_5s_16k/0/0_2/0_2_10.wav,A,0,0_2,2
shipsear_5s_16k/0/0_2/0_2_100.wav,A,0,0_2,2
shipsear_5s_16k/0/0_2/0_2_101.wav,A,0,0_2,2
shipsear_5s_16k/0/0_2/0_2_102.wav,A,0,0_2,2
shipsear_5s_16k/0/0_2/0_2_103.wav,A,0,0_2,2
shipsear_5s_16k/0/0_2/0_2_104.wav,A,0,0_2,2
shipsear_5s_16k/0/0_2/0_2_105.wav,A,0,0_2,2
shipsear_5s_16k/0/0_2/0_2_106.wav,A,0,0_2,2
shipsear_5s_16k/0/0_2/0_2_107.wav,A,0,0_2,2
shipsear_5s_16k/0/0_2/0_2_108.wav,A,0,0_2,2
shipsear_5s_16k/0/0_2/0_2_109.wav,A,0,0_2,2
shipsear_5s_16k/0/0_2/0_2_11.wav,A,0,0_2,2
shipsear_5s_16k/0/0_2/0_2_110.wav,A,0,0_2,2
shipsear_5s_16k/0/0_2/0_2_111.wav,A,0,0_2,2
shipsear_5s_16k/0/0_2/0_2_112.wav,A,0,0_2,2
shipsear_5s_16k/0/0_2/0_2_113.wav,A,0,0_2,2
shipsear_5s_16k/0/0_2/0_2_114.wav,A,0,0_2,2
shipsear_5s_16k/0/0_2/0_2_115.wav,A,0,0_2,2
shipsear_5s_16k/0/0_2/0_2_116.wav,A,0,0_2,2
shipsear_5s_16k/0/0_2/0_2_117.wav,A,0,0_2,2
shipsear_5s_16k/0/0_2/0_2_118.wav,A,0,0_2,2
shipsear_5s_16k/0/0_2/0_2_119.wav,A,0,0_2,2
shipsear_5s_16k/0/0_2/0_2_12.wav,A,0,0_2,2
shipsear_5s_16k/0/0_2/0_2_120.wav,A,0,0_2,2
shipsear_5s_16k/0/0_2/0_2_121.wav,A,0,0_2,2
shipsear_5s_16k/0/0_2/0_2_122.wav,A,0,0_2,2
shipsear_5s_16k/0/0_2/0_2_123.wav,A,0,0_2,2
shipsear_5s_16k/0/0_2/0_2_124.wav,A,0,0_2,2
shipsear_5s_16k/0/0_2/0_2_125.wav,A,0,0_2,2
shipsear_5s_16k/0/0_2/0_2_126.wav,A,0,0_2,2
shipsear_5s_16k/0/0_2/0_2_127.wav,A,0,0_2,2
shipsear_5s_16k/0/0_2/0_2_128.wav,A,0,0_2,2
shipsear_5s_16k/0/0_2/0_2_129.wav,A,0,0_2,2
shipsear_5s_16k/0/0_2/0_2_13.wav,A,0,0_2,2
shipsear_5s_16k/0/0_2/0_2_130.wav,A,0,0_2,2
shipsear_5s_16k/0/0_2/0_2_131.wav,A,0,0_2,2
shipsear_5s_16k/0/0_2/0_2_132.wav,A,0,0_2,2
shipsear_5s_16k/0/0_2/0_2_133.wav,A,0,0_2,2
shipsear_5s_16k/0/0_2/0_2_134.wav,A,0,0_2,2
shipsear_5s_16k/0/0_2/0_2_135.wav,A,0,0_2,2
shipsear_5s_16k/0/0_2/0_2_136.wav,A,0,0_2,2
shipsear_5s_16k/0/0_2/0_2_137.wav,A,0,0_2,2
shipsear_5s_16k/0/0_2/0_2_138.wav,A,0,0_2,2
shipsear_5s_16k/0/0_2/0_2_139.wav,A,0,0_2,2
shipsear_5s_16k/0/0_2/0_2_14.wav,A,0,0_2,2
shipsear_5s_16k/0/0_2/0_2_140.wav,A,0,0_2,2
shipsear_5s_16k/0/0_2/0_2_141.wav,A,0,0_2,2
shipsear_5s_16k/0/0_2/0_2_142.wav,A,0,0_2,2
shipsear_5s_16k/0/0_2/0_2_143.wav,A,0,0_2,2
shipsear_5s_16k/0/0_2/0_2_144.wav,A,0,0_2,2
shipsear_5s_16k/0/0_2/0_2_15.wav,A,0,0_2,2
shipsear_5s_16k/0/0_2/0_2_16.wav,A,0,0_2,2
shipsear_5s_16k/0/0_2/0_2_17.wav,A,0,0_2,2
shipsear_5s_16k/0/0_2/0_2_18.wav,A,0,0_2,2
shipsear_5s_16k/0/0_2/0_2_19.wav,A,0,0_2,2
shipsear_5s_16k/0/0_2/0_2_2.wav,A,0,0_2,2
shipsear_5s_16k/0/0_2/0_2_20.wav,A,0,0_2,2
shipsear_5s_16k/0/0_2/0_2_21.wav,A,0,0_2,2
shipsear_5s_16k/0/0_2/0_2_22.wav,A,0,0_2,2
shipsear_5s_16k/0/0_2/0_2_23.wav,A,0,0_2,2
shipsear_5s_16k/0/0_2/0_2_24.wav,A,0,0_2,2
shipsear_5s_16k/0/0_2/0_2_25.wav,A,0,0_2,2
shipsear_5s_16k/0/0_2/0_2_26.wav,A,0,0_2,2
shipsear_5s_16k/0/0_2/0_2_27.wav,A,0,0_2,2
shipsear_5s_16k/0/0_2/0_2_28.wav,A,0,0_2,2
shipsear_5s_16k/0/0_2/0_2_29.wav,A,0,0_2,2
shipsear_5s_16k/0/0_2/0_2_3.wav,A,0,0_2,2
shipsear_5s_16k/0/0_2/0_2_30.wav,A,0,0_2,2
shipsear_5s_16k/0/0_2/0_2_31.wav,A,0,0_2,2
shipsear_5s_16k/0/0_2/0_2_32.wav,A,0,0_2,2
shipsear_5s_16k/0/0_2/0_2_33.wav,A,0,0_2,2
shipsear_5s_16k/0/0_2/0_2_34.wav,A,0,0_2,2
shipsear_5s_16k/0/0_2/0_2_35.wav,A,0,0_2,2
shipsear_5s_16k/0/0_2/0_2_36.wav,A,0,0_2,2
shipsear_5s_16k/0/0_2/0_2_37.wav,A,0,0_2,2
shipsear_5s_16k/0/0_2/0_2_38.wav,A,0,0_2,2
shipsear_5s_16k/0/0_2/0_2_39.wav,A,0,0_2,2
shipsear_5s_16k/0/0_2/0_2_4.wav,A,0,0_2,2
shipsear_5s_16k/0/0_2/0_2_40.wav,A,0,0_2,2
shipsear_5s_16k/0/0_2/0_2_41.wav,A,0,0_2,2
shipsear_5s_16k/0/0_2/0_2_42.wav,A,0,0_2,2
shipsear_5s_16k/0/0_2/0_2_43.wav,A,0,0_2,2
shipsear_5s_16k/0/0_2/0_2_44.wav,A,0,0_2,2
shipsear_5s_16k/0/0_2/0_2_45.wav,A,0,0_2,2
shipsear_5s_16k/0/0_2/0_2_46.wav,A,0,0_2,2
shipsear_5s_16k/0/0_2/0_2_47.wav,A,0,0_2,2
shipsear_5s_16k/0/0_2/0_2_48.wav,A,0,0_2,2
shipsear_5s_16k/0/0_2/0_2_49.wav,A,0,0_2,2
shipsear_5s_16k/0/0_2/0_2_5.wav,A,0,0_2,2
shipsear_5s_16k/0/0_2/0_2_50.wav,A,0,0_2,2
shipsear_5s_16k/0/0_2/0_2_51.wav,A,0,0_2,2
shipsear_5s_16k/0/0_2/0_2_52.wav,A,0,0_2,2
shipsear_5s_16k/0/0_2/0_2_53.wav,A,0,0_2,2
shipsear_5s_16k/0/0_2/0_2_54.wav,A,0,0_2,2
shipsear_5s_16k/0/0_2/0_2_55.wav,A,0,0_2,2
shipsear_5s_16k/0/0_2/0_2_56.wav,A,0,0_2,2
shipsear_5s_16k/0/0_2/0_2_57.wav,A,0,0_2,2
shipsear_5s_16k/0/0_2/0_2_58.wav,A,0,0_2,2
shipsear_5s_16k/0/0_2/0_2_59.wav,A,0,0_2,2
shipsear_5s_16k/0/0_2/0_2_6.wav,A,0,0_2,2
shipsear_5s_16k/0/0_2/0_2_60.wav,A,0,0_2,2
shipsear_5s_16k/0/0_2/0_2_61.wav,A,0,0_2,2
shipsear_5s_16k/0/0_2/0_2_62.wav,A,0,0_2,2
shipsear_5s_16k/0/0_2/0_2_63.wav,A,0,0_2,2
shipsear_5s_16k/0/0_2/0_2_64.wav,A,0,0_2,2
shipsear_5s_16k/0/0_2/0_2_65.wav,A,0,0_2,2
shipsear_5s_16k/0/0_2/0_2_66.wav,A,0,0_2,2
shipsear_5s_16k/0/0_2/0_2_67.wav,A,0,0_2,2
shipsear_5s_16k/0/0_2/0_2_68.wav,A,0,0_2,2
shipsear_5s_16k/0/0_2/0_2_69.wav,A,0,0_2,2
shipsear_5s_16k/0/0_2/0_2_7.wav,A,0,0_2,2
shipsear_5s_16k/0/0_2/0_2_70.wav,A,0,0_2,2
shipsear_5s_16k/0/0_2/0_2_71.wav,A,0,0_2,2
shipsear_5s_16k/0/0_2/0_2_72.wav,A,0,0_2,2
shipsear_5s_16k/0/0_2/0_2_73.wav,A,0,0_2,2
shipsear_5s_16k/0/0_2/0_2_74.wav,A,0,0_2,2
shipsear_5s_16k/0/0_2/0_2_75.wav,A,0,0_2,2
shipsear_5s_16k/0/0_2/0_2_76.wav,A,0,0_2,2
shipsear_5s_16k/0/0_2/0_2_77.wav,A,0,0_2,2
shipsear_5s_16k/0/0_2/0_2_78.wav,A,0,0_2,2
shipsear_5s_16k/0/0_2/0_2_79.wav,A,0,0_2,2
shipsear_5s_16k/0/0_2/0_2_8.wav,A,0,0_2,2
shipsear_5s_16k/0/0_2/0_2_80.wav,A,0,0_2,2
shipsear_5s_16k/0/0_2/0_2_81.wav,A,0,0_2,2
shipsear_5s_16k/0/0_2/0_2_82.wav,A,0,0_2,2
shipsear_5s_16k/0/0_2/0_2_83.wav,A,0,0_2,2
shipsear_5s_16k/0/0_2/0_2_84.wav,A,0,0_2,2
shipsear_5s_16k/0/0_2/0_2_85.wav,A,0,0_2,2
shipsear_5s_16k/0/0_2/0_2_86.wav,A,0,0_2,2
shipsear_5s_16k/0/0_2/0_2_87.wav,A,0,0_2,2
shipsear_5s_16k/0/0_2/0_2_88.wav,A,0,0_2,2
shipsear_5s_16k/0/0_2/0_2_89.wav,A,0,0_2,2
shipsear_5s_16k/0/0_2/0_2_9.wav,A,0,0_2,2
shipsear_5s_16k/0/0_2/0_2_90.wav,A,0,0_2,2
shipsear_5s_16k/0/0_2/0_2_91.wav,A,0,0_2,2
shipsear_5s_16k/0/0_2/0_2_92.wav,A,0,0_2,2
shipsear_5s_16k/0/0_2/0_2_93.wav,A,0,0_2,2
shipsear_5s_16k/0/0_2/0_2_94.wav,A,0,0_2,2
shipsear_5s_16k/0/0_2/0_2_95.wav,A,0,0_2,2
shipsear_5s_16k/0/0_2/0_2_96.wav,A,0,0_2,2
shipsear_5s_16k/0/0_2/0_2_97.wav,A,0,0_2,2
shipsear_5s_16k/0/0_2/0_2_98.wav,A,0,0_2,2
shipsear_5s_16k/0/0_2/0_2_99.wav,A,0,0_2,2
shipsear_5s_16k/0/0_3/0_3_1.wav,A,0,0_3,3
shipsear_5s_16k/0/0_3/0_3_10.wav,A,0,0_3,3
shipsear_5s_16k/0/0_3/0_3_11.wav,A,0,0_3,3
shipsear_5s_16k/0/0_3/0_3_12.wav,A,0,0_3,3
shipsear_5s_16k/0/0_3/0_3_13.wav,A,0,0_3,3
shipsear_5s_16k/0/0_3/0_3_14.wav,A,0,0_3,3
shipsear_5s_16k/0/0_3/0_3_15.wav,A,0,0_3,3
shipsear_5s_16k/0/0_3/0_3_16.wav,A,0,0_3,3
shipsear_5s_16k/0/0_3/0_3_17.wav,A,0,0_3,3
shipsear_5s_16k/0/0_3/0_3_18.wav,A,0,0_3,3
shipsear_5s_16k/0/0_3/0_3_19.wav,A,0,0_3,3
shipsear_5s_16k/0/0_3/0_3_2.wav,A,0,0_3,3
shipsear_5s_16k/0/0_3/0_3_20.wav,A,0,0_3,3
shipsear_5s_16k/0/0_3/0_3_21.wav,A,0,0_3,3
shipsear_5s_16k/0/0_3/0_3_22.wav,A,0,0_3,3
shipsear_5s_16k/0/0_3/0_3_23.wav,A,0,0_3,3
shipsear_5s_16k/0/0_3/0_3_24.wav,A,0,0_3,3
shipsear_5s_16k/0/0_3/0_3_25.wav,A,0,0_3,3
shipsear_5s_16k/0/0_3/0_3_26.wav,A,0,0_3,3
shipsear_5s_16k/0/0_3/0_3_27.wav,A,0,0_3,3
shipsear_5s_16k/0/0_3/0_3_28.wav,A,0,0_3,3
shipsear_5s_16k/0/0_3/0_3_29.wav,A,0,0_3,3
shipsear_5s_16k/0/0_3/0_3_3.wav,A,0,0_3,3
shipsear_5s_16k/0/0_3/0_3_30.wav,A,0,0_3,3
shipsear_5s_16k/0/0_3/0_3_31.wav,A,0,0_3,3
shipsear_5s_16k/0/0_3/0_3_32.wav,A,0,0_3,3
shipsear_5s_16k/0/0_3/0_3_4.wav,A,0,0_3,3
shipsear_5s_16k/0/0_3/0_3_5.wav,A,0,0_3,3
shipsear_5s_16k/0/0_3/0_3_6.wav,A,0,0_3,3
shipsear_5s_16k/0/0_3/0_3_7.wav,A,0,0_3,3
shipsear_5s_16k/0/0_3/0_3_8.wav,A,0,0_3,3
shipsear_5s_16k/0/0_3/0_3_9.wav,A,0,0_3,3
shipsear_5s_16k/0/0_4/0_4_1.wav,A,0,0_4,4
shipsear_5s_16k/0/0_4/0_4_10.wav,A,0,0_4,4
shipsear_5s_16k/0/0_4/0_4_11.wav,A,0,0_4,4
shipsear_5s_16k/0/0_4/0_4_12.wav,A,0,0_4,4
shipsear_5s_16k/0/0_4/0_4_13.wav,A,0,0_4,4
shipsear_5s_16k/0/0_4/0_4_14.wav,A,0,0_4,4
shipsear_5s_16k/0/0_4/0_4_15.wav,A,0,0_4,4
shipsear_5s_16k/0/0_4/0_4_16.wav,A,0,0_4,4
shipsear_5s_16k/0/0_4/0_4_17.wav,A,0,0_4,4
shipsear_5s_16k/0/0_4/0_4_18.wav,A,0,0_4,4
shipsear_5s_16k/0/0_4/0_4_19.wav,A,0,0_4,4
shipsear_5s_16k/0/0_4/0_4_2.wav,A,0,0_4,4
shipsear_5s_16k/0/0_4/0_4_20.wav,A,0,0_4,4
shipsear_5s_16k/0/0_4/0_4_21.wav,A,0,0_4,4
shipsear_5s_16k/0/0_4/0_4_22.wav,A,0,0_4,4
shipsear_5s_16k/0/0_4/0_4_23.wav,A,0,0_4,4
shipsear_5s_16k/0/0_4/0_4_24.wav,A,0,0_4,4
shipsear_5s_16k/0/0_4/0_4_25.wav,A,0,0_4,4
shipsear_5s_16k/0/0_4/0_4_26.wav,A,0,0_4,4
shipsear_5s_16k/0/0_4/0_4_27.wav,A,0,0_4,4
shipsear_5s_16k/0/0_4/0_4_28.wav,A,0,0_4,4
shipsear_5s_16k/0/0_4/0_4_29.wav,A,0,0_4,4
shipsear_5s_16k/0/0_4/0_4_3.wav,A,0,0_4,4
shipsear_5s_16k/0/0_4/0_4_30.wav,A,0,0_4,4
shipsear_5s_16k/0/0_4/0_4_31.wav,A,0,0_4,4
shipsear_5s_16k/0/0_4/0_4_32.wav,A,0,0_4,4
shipsear_5s_16k/0/0_4/0_4_33.wav,A,0,0_4,4
shipsear_5s_16k/0/0_4/0_4_34.wav,A,0,0_4,4
shipsear_5s_16k/0/0_4/0_4_35.wav,A,0,0_4,4
shipsear_5s_16k/0/0_4/0_4_36.wav,A,0,0_4,4
shipsear_5s_16k/0/0_4/0_4_37.wav,A,0,0_4,4
shipsear_5s_16k/0/0_4/0_4_38.wav,A,0,0_4,4
shipsear_5s_16k/0/0_4/0_4_39.wav,A,0,0_4,4
shipsear_5s_16k/0/0_4/0_4_4.wav,A,0,0_4,4
shipsear_5s_16k/0/0_4/0_4_40.wav,A,0,0_4,4
shipsear_5s_16k/0/0_4/0_4_5.wav,A,0,0_4,4
shipsear_5s_16k/0/0_4/0_4_6.wav,A,0,0_4,4
shipsear_5s_16k/0/0_4/0_4_7.wav,A,0,0_4,4
shipsear_5s_16k/0/0_4/0_4_8.wav,A,0,0_4,4
shipsear_5s_16k/0/0_4/0_4_9.wav,A,0,0_4,4
shipsear_5s_16k/1/1_0/1_0_1.wav,B,1,1_0,5
shipsear_5s_16k/1/1_0/1_0_10.wav,B,1,1_0,5
shipsear_5s_16k/1/1_0/1_0_100.wav,B,1,1_0,5
shipsear_5s_16k/1/1_0/1_0_101.wav,B,1,1_0,5
shipsear_5s_16k/1/1_0/1_0_102.wav,B,1,1_0,5
shipsear_5s_16k/1/1_0/1_0_103.wav,B,1,1_0,5
shipsear_5s_16k/1/1_0/1_0_104.wav,B,1,1_0,5
shipsear_5s_16k/1/1_0/1_0_105.wav,B,1,1_0,5
shipsear_5s_16k/1/1_0/1_0_106.wav,B,1,1_0,5
shipsear_5s_16k/1/1_0/1_0_107.wav,B,1,1_0,5
shipsear_5s_16k/1/1_0/1_0_108.wav,B,1,1_0,5
shipsear_5s_16k/1/1_0/1_0_109.wav,B,1,1_0,5
shipsear_5s_16k/1/1_0/1_0_11.wav,B,1,1_0,5
shipsear_5s_16k/1/1_0/1_0_110.wav,B,1,1_0,5
shipsear_5s_16k/1/1_0/1_0_111.wav,B,1,1_0,5
shipsear_5s_16k/1/1_0/1_0_112.wav,B,1,1_0,5
shipsear_5s_16k/1/1_0/1_0_113.wav,B,1,1_0,5
shipsear_5s_16k/1/1_0/1_0_114.wav,B,1,1_0,5
shipsear_5s_16k/1/1_0/1_0_115.wav,B,1,1_0,5
shipsear_5s_16k/1/1_0/1_0_116.wav,B,1,1_0,5
shipsear_5s_16k/1/1_0/1_0_117.wav,B,1,1_0,5
shipsear_5s_16k/1/1_0/1_0_118.wav,B,1,1_0,5
shipsear_5s_16k/1/1_0/1_0_119.wav,B,1,1_0,5
shipsear_5s_16k/1/1_0/1_0_12.wav,B,1,1_0,5
shipsear_5s_16k/1/1_0/1_0_120.wav,B,1,1_0,5
shipsear_5s_16k/1/1_0/1_0_121.wav,B,1,1_0,5
shipsear_5s_16k/1/1_0/1_0_122.wav,B,1,1_0,5
shipsear_5s_16k/1/1_0/1_0_123.wav,B,1,1_0,5
shipsear_5s_16k/1/1_0/1_0_124.wav,B,1,1_0,5
shipsear_5s_16k/1/1_0/1_0_125.wav,B,1,1_0,5
shipsear_5s_16k/1/1_0/1_0_126.wav,B,1,1_0,5
shipsear_5s_16k/1/1_0/1_0_127.wav,B,1,1_0,5
shipsear_5s_16k/1/1_0/1_0_128.wav,B,1,1_0,5
shipsear_5s_16k/1/1_0/1_0_129.wav,B,1,1_0,5
shipsear_5s_16k/1/1_0/1_0_13.wav,B,1,1_0,5
shipsear_5s_16k/1/1_0/1_0_130.wav,B,1,1_0,5
shipsear_5s_16k/1/1_0/1_0_131.wav,B,1,1_0,5
shipsear_5s_16k/1/1_0/1_0_132.wav,B,1,1_0,5
shipsear_5s_16k/1/1_0/1_0_133.wav,B,1,1_0,5
shipsear_5s_16k/1/1_0/1_0_134.wav,B,1,1_0,5
shipsear_5s_16k/1/1_0/1_0_135.wav,B,1,1_0,5
shipsear_5s_16k/1/1_0/1_0_136.wav,B,1,1_0,5
shipsear_5s_16k/1/1_0/1_0_137.wav,B,1,1_0,5
shipsear_5s_16k/1/1_0/1_0_138.wav,B,1,1_0,5
shipsear_5s_16k/1/1_0/1_0_139.wav,B,1,1_0,5
shipsear_5s_16k/1/1_0/1_0_14.wav,B,1,1_0,5
shipsear_5s_16k/1/1_0/1_0_140.wav,B,1,1_0,5
shipsear_5s_16k/1/1_0/1_0_141.wav,B,1,1_0,5
shipsear_5s_16k/1/1_0/1_0_142.wav,B,1,1_0,5
shipsear_5s_16k/1/1_0/1_0_143.wav,B,1,1_0,5
shipsear_5s_16k/1/1_0/1_0_144.wav,B,1,1_0,5
shipsear_5s_16k/1/1_0/1_0_145.wav,B,1,1_0,5
shipsear_5s_16k/1/1_0/1_0_146.wav,B,1,1_0,5
shipsear_5s_16k/1/1_0/1_0_147.wav,B,1,1_0,5
shipsear_5s_16k/1/1_0/1_0_148.wav,B,1,1_0,5
shipsear_5s_16k/1/1_0/1_0_149.wav,B,1,1_0,5
shipsear_5s_16k/1/1_0/1_0_15.wav,B,1,1_0,5
shipsear_5s_16k/1/1_0/1_0_150.wav,B,1,1_0,5
shipsear_5s_16k/1/1_0/1_0_151.wav,B,1,1_0,5
shipsear_5s_16k/1/1_0/1_0_152.wav,B,1,1_0,5
shipsear_5s_16k/1/1_0/1_0_153.wav,B,1,1_0,5
shipsear_5s_16k/1/1_0/1_0_154.wav,B,1,1_0,5
shipsear_5s_16k/1/1_0/1_0_155.wav,B,1,1_0,5
shipsear_5s_16k/1/1_0/1_0_156.wav,B,1,1_0,5
shipsear_5s_16k/1/1_0/1_0_157.wav,B,1,1_0,5
shipsear_5s_16k/1/1_0/1_0_158.wav,B,1,1_0,5
shipsear_5s_16k/1/1_0/1_0_159.wav,B,1,1_0,5
shipsear_5s_16k/1/1_0/1_0_16.wav,B,1,1_0,5
shipsear_5s_16k/1/1_0/1_0_160.wav,B,1,1_0,5
shipsear_5s_16k/1/1_0/1_0_161.wav,B,1,1_0,5
shipsear_5s_16k/1/1_0/1_0_162.wav,B,1,1_0,5
shipsear_5s_16k/1/1_0/1_0_163.wav,B,1,1_0,5
shipsear_5s_16k/1/1_0/1_0_164.wav,B,1,1_0,5
shipsear_5s_16k/1/1_0/1_0_165.wav,B,1,1_0,5
shipsear_5s_16k/1/1_0/1_0_166.wav,B,1,1_0,5
shipsear_5s_16k/1/1_0/1_0_167.wav,B,1,1_0,5
shipsear_5s_16k/1/1_0/1_0_168.wav,B,1,1_0,5
shipsear_5s_16k/1/1_0/1_0_169.wav,B,1,1_0,5
shipsear_5s_16k/1/1_0/1_0_17.wav,B,1,1_0,5
shipsear_5s_16k/1/1_0/1_0_170.wav,B,1,1_0,5
shipsear_5s_16k/1/1_0/1_0_171.wav,B,1,1_0,5
shipsear_5s_16k/1/1_0/1_0_172.wav,B,1,1_0,5
shipsear_5s_16k/1/1_0/1_0_173.wav,B,1,1_0,5
shipsear_5s_16k/1/1_0/1_0_174.wav,B,1,1_0,5
shipsear_5s_16k/1/1_0/1_0_175.wav,B,1,1_0,5
shipsear_5s_16k/1/1_0/1_0_176.wav,B,1,1_0,5
shipsear_5s_16k/1/1_0/1_0_177.wav,B,1,1_0,5
shipsear_5s_16k/1/1_0/1_0_178.wav,B,1,1_0,5
shipsear_5s_16k/1/1_0/1_0_179.wav,B,1,1_0,5
shipsear_5s_16k/1/1_0/1_0_18.wav,B,1,1_0,5
shipsear_5s_16k/1/1_0/1_0_180.wav,B,1,1_0,5
shipsear_5s_16k/1/1_0/1_0_181.wav,B,1,1_0,5
shipsear_5s_16k/1/1_0/1_0_182.wav,B,1,1_0,5
shipsear_5s_16k/1/1_0/1_0_183.wav,B,1,1_0,5
shipsear_5s_16k/1/1_0/1_0_184.wav,B,1,1_0,5
shipsear_5s_16k/1/1_0/1_0_185.wav,B,1,1_0,5
shipsear_5s_16k/1/1_0/1_0_186.wav,B,1,1_0,5
shipsear_5s_16k/1/1_0/1_0_187.wav,B,1,1_0,5
shipsear_5s_16k/1/1_0/1_0_188.wav,B,1,1_0,5
shipsear_5s_16k/1/1_0/1_0_189.wav,B,1,1_0,5
shipsear_5s_16k/1/1_0/1_0_19.wav,B,1,1_0,5
shipsear_5s_16k/1/1_0/1_0_190.wav,B,1,1_0,5
shipsear_5s_16k/1/1_0/1_0_191.wav,B,1,1_0,5
shipsear_5s_16k/1/1_0/1_0_192.wav,B,1,1_0,5
shipsear_5s_16k/1/1_0/1_0_193.wav,B,1,1_0,5
shipsear_5s_16k/1/1_0/1_0_194.wav,B,1,1_0,5
shipsear_5s_16k/1/1_0/1_0_195.wav,B,1,1_0,5
shipsear_5s_16k/1/1_0/1_0_196.wav,B,1,1_0,5
shipsear_5s_16k/1/1_0/1_0_2.wav,B,1,1_0,5
shipsear_5s_16k/1/1_0/1_0_20.wav,B,1,1_0,5
shipsear_5s_16k/1/1_0/1_0_21.wav,B,1,1_0,5
shipsear_5s_16k/1/1_0/1_0_22.wav,B,1,1_0,5
shipsear_5s_16k/1/1_0/1_0_23.wav,B,1,1_0,5
shipsear_5s_16k/1/1_0/1_0_24.wav,B,1,1_0,5
shipsear_5s_16k/1/1_0/1_0_25.wav,B,1,1_0,5
shipsear_5s_16k/1/1_0/1_0_26.wav,B,1,1_0,5
shipsear_5s_16k/1/1_0/1_0_27.wav,B,1,1_0,5
shipsear_5s_16k/1/1_0/1_0_28.wav,B,1,1_0,5
shipsear_5s_16k/1/1_0/1_0_29.wav,B,1,1_0,5
shipsear_5s_16k/1/1_0/1_0_3.wav,B,1,1_0,5
shipsear_5s_16k/1/1_0/1_0_30.wav,B,1,1_0,5
shipsear_5s_16k/1/1_0/1_0_31.wav,B,1,1_0,5
shipsear_5s_16k/1/1_0/1_0_32.wav,B,1,1_0,5
shipsear_5s_16k/1/1_0/1_0_33.wav,B,1,1_0,5
shipsear_5s_16k/1/1_0/1_0_34.wav,B,1,1_0,5
shipsear_5s_16k/1/1_0/1_0_35.wav,B,1,1_0,5
shipsear_5s_16k/1/1_0/1_0_36.wav,B,1,1_0,5
shipsear_5s_16k/1/1_0/1_0_37.wav,B,1,1_0,5
shipsear_5s_16k/1/1_0/1_0_38.wav,B,1,1_0,5
shipsear_5s_16k/1/1_0/1_0_39.wav,B,1,1_0,5
shipsear_5s_16k/1/1_0/1_0_4.wav,B,1,1_0,5
shipsear_5s_16k/1/1_0/1_0_40.wav,B,1,1_0,5
shipsear_5s_16k/1/1_0/1_0_41.wav,B,1,1_0,5
shipsear_5s_16k/1/1_0/1_0_42.wav,B,1,1_0,5
shipsear_5s_16k/1/1_0/1_0_43.wav,B,1,1_0,5
shipsear_5s_16k/1/1_0/1_0_44.wav,B,1,1_0,5
shipsear_5s_16k/1/1_0/1_0_45.wav,B,1,1_0,5
shipsear_5s_16k/1/1_0/1_0_46.wav,B,1,1_0,5
shipsear_5s_16k/1/1_0/1_0_47.wav,B,1,1_0,5
shipsear_5s_16k/1/1_0/1_0_48.wav,B,1,1_0,5
shipsear_5s_16k/1/1_0/1_0_49.wav,B,1,1_0,5
shipsear_5s_16k/1/1_0/1_0_5.wav,B,1,1_0,5
shipsear_5s_16k/1/1_0/1_0_50.wav,B,1,1_0,5
shipsear_5s_16k/1/1_0/1_0_51.wav,B,1,1_0,5
shipsear_5s_16k/1/1_0/1_0_52.wav,B,1,1_0,5
shipsear_5s_16k/1/1_0/1_0_53.wav,B,1,1_0,5
shipsear_5s_16k/1/1_0/1_0_54.wav,B,1,1_0,5
shipsear_5s_16k/1/1_0/1_0_55.wav,B,1,1_0,5
shipsear_5s_16k/1/1_0/1_0_56.wav,B,1,1_0,5
shipsear_5s_16k/1/1_0/1_0_57.wav,B,1,1_0,5
shipsear_5s_16k/1/1_0/1_0_58.wav,B,1,1_0,5
shipsear_5s_16k/1/1_0/1_0_59.wav,B,1,1_0,5
shipsear_5s_16k/1/1_0/1_0_6.wav,B,1,1_0,5
shipsear_5s_16k/1/1_0/1_0_60.wav,B,1,1_0,5
shipsear_5s_16k/1/1_0/1_0_61.wav,B,1,1_0,5
shipsear_5s_16k/1/1_0/1_0_62.wav,B,1,1_0,5
shipsear_5s_16k/1/1_0/1_0_63.wav,B,1,1_0,5
shipsear_5s_16k/1/1_0/1_0_64.wav,B,1,1_0,5
shipsear_5s_16k/1/1_0/1_0_65.wav,B,1,1_0,5
shipsear_5s_16k/1/1_0/1_0_66.wav,B,1,1_0,5
shipsear_5s_16k/1/1_0/1_0_67.wav,B,1,1_0,5
shipsear_5s_16k/1/1_0/1_0_68.wav,B,1,1_0,5
shipsear_5s_16k/1/1_0/1_0_69.wav,B,1,1_0,5
shipsear_5s_16k/1/1_0/1_0_7.wav,B,1,1_0,5
shipsear_5s_16k/1/1_0/1_0_70.wav,B,1,1_0,5
shipsear_5s_16k/1/1_0/1_0_71.wav,B,1,1_0,5
shipsear_5s_16k/1/1_0/1_0_72.wav,B,1,1_0,5
shipsear_5s_16k/1/1_0/1_0_73.wav,B,1,1_0,5
shipsear_5s_16k/1/1_0/1_0_74.wav,B,1,1_0,5
shipsear_5s_16k/1/1_0/1_0_75.wav,B,1,1_0,5
shipsear_5s_16k/1/1_0/1_0_76.wav,B,1,1_0,5
shipsear_5s_16k/1/1_0/1_0_77.wav,B,1,1_0,5
shipsear_5s_16k/1/1_0/1_0_78.wav,B,1,1_0,5
shipsear_5s_16k/1/1_0/1_0_79.wav,B,1,1_0,5
shipsear_5s_16k/1/1_0/1_0_8.wav,B,1,1_0,5
shipsear_5s_16k/1/1_0/1_0_80.wav,B,1,1_0,5
shipsear_5s_16k/1/1_0/1_0_81.wav,B,1,1_0,5
shipsear_5s_16k/1/1_0/1_0_82.wav,B,1,1_0,5
shipsear_5s_16k/1/1_0/1_0_83.wav,B,1,1_0,5
shipsear_5s_16k/1/1_0/1_0_84.wav,B,1,1_0,5
shipsear_5s_16k/1/1_0/1_0_85.wav,B,1,1_0,5
shipsear_5s_16k/1/1_0/1_0_86.wav,B,1,1_0,5
shipsear_5s_16k/1/1_0/1_0_87.wav,B,1,1_0,5
shipsear_5s_16k/1/1_0/1_0_88.wav,B,1,1_0,5
shipsear_5s_16k/1/1_0/1_0_89.wav,B,1,1_0,5
shipsear_5s_16k/1/1_0/1_0_9.wav,B,1,1_0,5
shipsear_5s_16k/1/1_0/1_0_90.wav,B,1,1_0,5
shipsear_5s_16k/1/1_0/1_0_91.wav,B,1,1_0,5
shipsear_5s_16k/1/1_0/1_0_92.wav,B,1,1_0,5
shipsear_5s_16k/1/1_0/1_0_93.wav,B,1,1_0,5
shipsear_5s_16k/1/1_0/1_0_94.wav,B,1,1_0,5
shipsear_5s_16k/1/1_0/1_0_95.wav,B,1,1_0,5
shipsear_5s_16k/1/1_0/1_0_96.wav,B,1,1_0,5
shipsear_5s_16k/1/1_0/1_0_97.wav,B,1,1_0,5
shipsear_5s_16k/1/1_0/1_0_98.wav,B,1,1_0,5
shipsear_5s_16k/1/1_0/1_0_99.wav,B,1,1_0,5
shipsear_5s_16k/1/1_1/1_1_1.wav,B,1,1_1,6
shipsear_5s_16k/1/1_1/1_1_10.wav,B,1,1_1,6
shipsear_5s_16k/1/1_1/1_1_11.wav,B,1,1_1,6
shipsear_5s_16k/1/1_1/1_1_12.wav,B,1,1_1,6
shipsear_5s_16k/1/1_1/1_1_13.wav,B,1,1_1,6
shipsear_5s_16k/1/1_1/1_1_14.wav,B,1,1_1,6
shipsear_5s_16k/1/1_1/1_1_15.wav,B,1,1_1,6
shipsear_5s_16k/1/1_1/1_1_16.wav,B,1,1_1,6
shipsear_5s_16k/1/1_1/1_1_17.wav,B,1,1_1,6
shipsear_5s_16k/1/1_1/1_1_18.wav,B,1,1_1,6
shipsear_5s_16k/1/1_1/1_1_19.wav,B,1,1_1,6
shipsear_5s_16k/1/1_1/1_1_2.wav,B,1,1_1,6
shipsear_5s_16k/1/1_1/1_1_20.wav,B,1,1_1,6
shipsear_5s_16k/1/1_1/1_1_21.wav,B,1,1_1,6
shipsear_5s_16k/1/1_1/1_1_22.wav,B,1,1_1,6
shipsear_5s_16k/1/1_1/1_1_23.wav,B,1,1_1,6
shipsear_5s_16k/1/1_1/1_1_24.wav,B,1,1_1,6
shipsear_5s_16k/1/1_1/1_1_25.wav,B,1,1_1,6
shipsear_5s_16k/1/1_1/1_1_26.wav,B,1,1_1,6
shipsear_5s_16k/1/1_1/1_1_3.wav,B,1,1_1,6
shipsear_5s_16k/1/1_1/1_1_4.wav,B,1,1_1,6
shipsear_5s_16k/1/1_1/1_1_5.wav,B,1,1_1,6
shipsear_5s_16k/1/1_1/1_1_6.wav,B,1,1_1,6
shipsear_5s_16k/1/1_1/1_1_7.wav,B,1,1_1,6
shipsear_5s_16k/1/1_1/1_1_8.wav,B,1,1_1,6
shipsear_5s_16k/1/1_1/1_1_9.wav,B,1,1_1,6
shipsear_5s_16k/1/1_2/1_2_1.wav,B,1,1_2,7
shipsear_5s_16k/1/1_2/1_2_10.wav,B,1,1_2,7
shipsear_5s_16k/1/1_2/1_2_11.wav,B,1,1_2,7
shipsear_5s_16k/1/1_2/1_2_12.wav,B,1,1_2,7
shipsear_5s_16k/1/1_2/1_2_13.wav,B,1,1_2,7
shipsear_5s_16k/1/1_2/1_2_14.wav,B,1,1_2,7
shipsear_5s_16k/1/1_2/1_2_15.wav,B,1,1_2,7
shipsear_5s_16k/1/1_2/1_2_16.wav,B,1,1_2,7
shipsear_5s_16k/1/1_2/1_2_17.wav,B,1,1_2,7
shipsear_5s_16k/1/1_2/1_2_18.wav,B,1,1_2,7
shipsear_5s_16k/1/1_2/1_2_19.wav,B,1,1_2,7
shipsear_5s_16k/1/1_2/1_2_2.wav,B,1,1_2,7
shipsear_5s_16k/1/1_2/1_2_20.wav,B,1,1_2,7
shipsear_5s_16k/1/1_2/1_2_21.wav,B,1,1_2,7
shipsear_5s_16k/1/1_2/1_2_22.wav,B,1,1_2,7
shipsear_5s_16k/1/1_2/1_2_23.wav,B,1,1_2,7
shipsear_5s_16k/1/1_2/1_2_24.wav,B,1,1_2,7
shipsear_5s_16k/1/1_2/1_2_25.wav,B,1,1_2,7
shipsear_5s_16k/1/1_2/1_2_26.wav,B,1,1_2,7
shipsear_5s_16k/1/1_2/1_2_27.wav,B,1,1_2,7
shipsear_5s_16k/1/1_2/1_2_28.wav,B,1,1_2,7
shipsear_5s_16k/1/1_2/1_2_29.wav,B,1,1_2,7
shipsear_5s_16k/1/1_2/1_2_3.wav,B,1,1_2,7
shipsear_5s_16k/1/1_2/1_2_30.wav,B,1,1_2,7
shipsear_5s_16k/1/1_2/1_2_31.wav,B,1,1_2,7
shipsear_5s_16k/1/1_2/1_2_32.wav,B,1,1_2,7
shipsear_5s_16k/1/1_2/1_2_33.wav,B,1,1_2,7
shipsear_5s_16k/1/1_2/1_2_34.wav,B,1,1_2,7
shipsear_5s_16k/1/1_2/1_2_35.wav,B,1,1_2,7
shipsear_5s_16k/1/1_2/1_2_36.wav,B,1,1_2,7
shipsear_5s_16k/1/1_2/1_2_37.wav,B,1,1_2,7
shipsear_5s_16k/1/1_2/1_2_38.wav,B,1,1_2,7
shipsear_5s_16k/1/1_2/1_2_39.wav,B,1,1_2,7
shipsear_5s_16k/1/1_2/1_2_4.wav,B,1,1_2,7
shipsear_5s_16k/1/1_2/1_2_40.wav,B,1,1_2,7
shipsear_5s_16k/1/1_2/1_2_41.wav,B,1,1_2,7
shipsear_5s_16k/1/1_2/1_2_42.wav,B,1,1_2,7
shipsear_5s_16k/1/1_2/1_2_43.wav,B,1,1_2,7
shipsear_5s_16k/1/1_2/1_2_44.wav,B,1,1_2,7
shipsear_5s_16k/1/1_2/1_2_45.wav,B,1,1_2,7
shipsear_5s_16k/1/1_2/1_2_46.wav,B,1,1_2,7
shipsear_5s_16k/1/1_2/1_2_47.wav,B,1,1_2,7
shipsear_5s_16k/1/1_2/1_2_48.wav,B,1,1_2,7
shipsear_5s_16k/1/1_2/1_2_49.wav,B,1,1_2,7
shipsear_5s_16k/1/1_2/1_2_5.wav,B,1,1_2,7
shipsear_5s_16k/1/1_2/1_2_50.wav,B,1,1_2,7
shipsear_5s_16k/1/1_2/1_2_51.wav,B,1,1_2,7
shipsear_5s_16k/1/1_2/1_2_52.wav,B,1,1_2,7
shipsear_5s_16k/1/1_2/1_2_53.wav,B,1,1_2,7
shipsear_5s_16k/1/1_2/1_2_54.wav,B,1,1_2,7
shipsear_5s_16k/1/1_2/1_2_55.wav,B,1,1_2,7
shipsear_5s_16k/1/1_2/1_2_56.wav,B,1,1_2,7
shipsear_5s_16k/1/1_2/1_2_57.wav,B,1,1_2,7
shipsear_5s_16k/1/1_2/1_2_58.wav,B,1,1_2,7
shipsear_5s_16k/1/1_2/1_2_59.wav,B,1,1_2,7
shipsear_5s_16k/1/1_2/1_2_6.wav,B,1,1_2,7
shipsear_5s_16k/1/1_2/1_2_60.wav,B,1,1_2,7
shipsear_5s_16k/1/1_2/1_2_61.wav,B,1,1_2,7
shipsear_5s_16k/1/1_2/1_2_62.wav,B,1,1_2,7
shipsear_5s_16k/1/1_2/1_2_63.wav,B,1,1_2,7
shipsear_5s_16k/1/1_2/1_2_64.wav,B,1,1_2,7
shipsear_5s_16k/1/1_2/1_2_65.wav,B,1,1_2,7
shipsear_5s_16k/1/1_2/1_2_66.wav,B,1,1_2,7
shipsear_5s_16k/1/1_2/1_2_67.wav,B,1,1_2,7
shipsear_5s_16k/1/1_2/1_2_68.wav,B,1,1_2,7
shipsear_5s_16k/1/1_2/1_2_69.wav,B,1,1_2,7
shipsear_5s_16k/1/1_2/1_2_7.wav,B,1,1_2,7
shipsear_5s_16k/1/1_2/1_2_70.wav,B,1,1_2,7
shipsear_5s_16k/1/1_2/1_2_71.wav,B,1,1_2,7
shipsear_5s_16k/1/1_2/1_2_72.wav,B,1,1_2,7
shipsear_5s_16k/1/1_2/1_2_73.wav,B,1,1_2,7
shipsear_5s_16k/1/1_2/1_2_74.wav,B,1,1_2,7
shipsear_5s_16k/1/1_2/1_2_75.wav,B,1,1_2,7
shipsear_5s_16k/1/1_2/1_2_76.wav,B,1,1_2,7
shipsear_5s_16k/1/1_2/1_2_77.wav,B,1,1_2,7
shipsear_5s_16k/1/1_2/1_2_78.wav,B,1,1_2,7
shipsear_5s_16k/1/1_2/1_2_79.wav,B,1,1_2,7
shipsear_5s_16k/1/1_2/1_2_8.wav,B,1,1_2,7
shipsear_5s_16k/1/1_2/1_2_9.wav,B,1,1_2,7
shipsear_5s_16k/3/3_0/3_0_1.wav,D,2,3_0,8
shipsear_5s_16k/3/3_0/3_0_10.wav,D,2,3_0,8
shipsear_5s_16k/3/3_0/3_0_100.wav,D,2,3_0,8
shipsear_5s_16k/3/3_0/3_0_101.wav,D,2,3_0,8
shipsear_5s_16k/3/3_0/3_0_102.wav,D,2,3_0,8
shipsear_5s_16k/3/3_0/3_0_103.wav,D,2,3_0,8
shipsear_5s_16k/3/3_0/3_0_104.wav,D,2,3_0,8
shipsear_5s_16k/3/3_0/3_0_105.wav,D,2,3_0,8
shipsear_5s_16k/3/3_0/3_0_106.wav,D,2,3_0,8
shipsear_5s_16k/3/3_0/3_0_107.wav,D,2,3_0,8
shipsear_5s_16k/3/3_0/3_0_108.wav,D,2,3_0,8
shipsear_5s_16k/3/3_0/3_0_109.wav,D,2,3_0,8
shipsear_5s_16k/3/3_0/3_0_11.wav,D,2,3_0,8
shipsear_5s_16k/3/3_0/3_0_110.wav,D,2,3_0,8
shipsear_5s_16k/3/3_0/3_0_111.wav,D,2,3_0,8
shipsear_5s_16k/3/3_0/3_0_112.wav,D,2,3_0,8
shipsear_5s_16k/3/3_0/3_0_113.wav,D,2,3_0,8
shipsear_5s_16k/3/3_0/3_0_114.wav,D,2,3_0,8
shipsear_5s_16k/3/3_0/3_0_115.wav,D,2,3_0,8
shipsear_5s_16k/3/3_0/3_0_116.wav,D,2,3_0,8
shipsear_5s_16k/3/3_0/3_0_117.wav,D,2,3_0,8
shipsear_5s_16k/3/3_0/3_0_118.wav,D,2,3_0,8
shipsear_5s_16k/3/3_0/3_0_119.wav,D,2,3_0,8
shipsear_5s_16k/3/3_0/3_0_12.wav,D,2,3_0,8
shipsear_5s_16k/3/3_0/3_0_120.wav,D,2,3_0,8
shipsear_5s_16k/3/3_0/3_0_121.wav,D,2,3_0,8
shipsear_5s_16k/3/3_0/3_0_122.wav,D,2,3_0,8
shipsear_5s_16k/3/3_0/3_0_123.wav,D,2,3_0,8
shipsear_5s_16k/3/3_0/3_0_124.wav,D,2,3_0,8
shipsear_5s_16k/3/3_0/3_0_125.wav,D,2,3_0,8
shipsear_5s_16k/3/3_0/3_0_126.wav,D,2,3_0,8
shipsear_5s_16k/3/3_0/3_0_127.wav,D,2,3_0,8
shipsear_5s_16k/3/3_0/3_0_128.wav,D,2,3_0,8
shipsear_5s_16k/3/3_0/3_0_129.wav,D,2,3_0,8
shipsear_5s_16k/3/3_0/3_0_13.wav,D,2,3_0,8
shipsear_5s_16k/3/3_0/3_0_130.wav,D,2,3_0,8
shipsear_5s_16k/3/3_0/3_0_131.wav,D,2,3_0,8
shipsear_5s_16k/3/3_0/3_0_132.wav,D,2,3_0,8
shipsear_5s_16k/3/3_0/3_0_133.wav,D,2,3_0,8
shipsear_5s_16k/3/3_0/3_0_134.wav,D,2,3_0,8
shipsear_5s_16k/3/3_0/3_0_135.wav,D,2,3_0,8
shipsear_5s_16k/3/3_0/3_0_136.wav,D,2,3_0,8
shipsear_5s_16k/3/3_0/3_0_137.wav,D,2,3_0,8
shipsear_5s_16k/3/3_0/3_0_138.wav,D,2,3_0,8
shipsear_5s_16k/3/3_0/3_0_139.wav,D,2,3_0,8
shipsear_5s_16k/3/3_0/3_0_14.wav,D,2,3_0,8
shipsear_5s_16k/3/3_0/3_0_140.wav,D,2,3_0,8
shipsear_5s_16k/3/3_0/3_0_141.wav,D,2,3_0,8
shipsear_5s_16k/3/3_0/3_0_142.wav,D,2,3_0,8
shipsear_5s_16k/3/3_0/3_0_143.wav,D,2,3_0,8
shipsear_5s_16k/3/3_0/3_0_144.wav,D,2,3_0,8
shipsear_5s_16k/3/3_0/3_0_145.wav,D,2,3_0,8
shipsear_5s_16k/3/3_0/3_0_146.wav,D,2,3_0,8
shipsear_5s_16k/3/3_0/3_0_147.wav,D,2,3_0,8
shipsear_5s_16k/3/3_0/3_0_148.wav,D,2,3_0,8
shipsear_5s_16k/3/3_0/3_0_149.wav,D,2,3_0,8
shipsear_5s_16k/3/3_0/3_0_15.wav,D,2,3_0,8
shipsear_5s_16k/3/3_0/3_0_150.wav,D,2,3_0,8
shipsear_5s_16k/3/3_0/3_0_151.wav,D,2,3_0,8
shipsear_5s_16k/3/3_0/3_0_152.wav,D,2,3_0,8
shipsear_5s_16k/3/3_0/3_0_153.wav,D,2,3_0,8
shipsear_5s_16k/3/3_0/3_0_154.wav,D,2,3_0,8
shipsear_5s_16k/3/3_0/3_0_155.wav,D,2,3_0,8
shipsear_5s_16k/3/3_0/3_0_156.wav,D,2,3_0,8
shipsear_5s_16k/3/3_0/3_0_157.wav,D,2,3_0,8
shipsear_5s_16k/3/3_0/3_0_158.wav,D,2,3_0,8
shipsear_5s_16k/3/3_0/3_0_159.wav,D,2,3_0,8
shipsear_5s_16k/3/3_0/3_0_16.wav,D,2,3_0,8
shipsear_5s_16k/3/3_0/3_0_160.wav,D,2,3_0,8
shipsear_5s_16k/3/3_0/3_0_161.wav,D,2,3_0,8
shipsear_5s_16k/3/3_0/3_0_162.wav,D,2,3_0,8
shipsear_5s_16k/3/3_0/3_0_163.wav,D,2,3_0,8
shipsear_5s_16k/3/3_0/3_0_164.wav,D,2,3_0,8
shipsear_5s_16k/3/3_0/3_0_165.wav,D,2,3_0,8
shipsear_5s_16k/3/3_0/3_0_166.wav,D,2,3_0,8
shipsear_5s_16k/3/3_0/3_0_167.wav,D,2,3_0,8
shipsear_5s_16k/3/3_0/3_0_168.wav,D,2,3_0,8
shipsear_5s_16k/3/3_0/3_0_169.wav,D,2,3_0,8
shipsear_5s_16k/3/3_0/3_0_17.wav,D,2,3_0,8
shipsear_5s_16k/3/3_0/3_0_170.wav,D,2,3_0,8
shipsear_5s_16k/3/3_0/3_0_171.wav,D,2,3_0,8
shipsear_5s_16k/3/3_0/3_0_172.wav,D,2,3_0,8
shipsear_5s_16k/3/3_0/3_0_173.wav,D,2,3_0,8
shipsear_5s_16k/3/3_0/3_0_174.wav,D,2,3_0,8
shipsear_5s_16k/3/3_0/3_0_175.wav,D,2,3_0,8
shipsear_5s_16k/3/3_0/3_0_176.wav,D,2,3_0,8
shipsear_5s_16k/3/3_0/3_0_177.wav,D,2,3_0,8
shipsear_5s_16k/3/3_0/3_0_178.wav,D,2,3_0,8
shipsear_5s_16k/3/3_0/3_0_179.wav,D,2,3_0,8
shipsear_5s_16k/3/3_0/3_0_18.wav,D,2,3_0,8
shipsear_5s_16k/3/3_0/3_0_180.wav,D,2,3_0,8
shipsear_5s_16k/3/3_0/3_0_181.wav,D,2,3_0,8
shipsear_5s_16k/3/3_0/3_0_182.wav,D,2,3_0,8
shipsear_5s_16k/3/3_0/3_0_183.wav,D,2,3_0,8
shipsear_5s_16k/3/3_0/3_0_184.wav,D,2,3_0,8
shipsear_5s_16k/3/3_0/3_0_185.wav,D,2,3_0,8
shipsear_5s_16k/3/3_0/3_0_186.wav,D,2,3_0,8
shipsear_5s_16k/3/3_0/3_0_19.wav,D,2,3_0,8
shipsear_5s_16k/3/3_0/3_0_2.wav,D,2,3_0,8
shipsear_5s_16k/3/3_0/3_0_20.wav,D,2,3_0,8
shipsear_5s_16k/3/3_0/3_0_21.wav,D,2,3_0,8
shipsear_5s_16k/3/3_0/3_0_22.wav,D,2,3_0,8
shipsear_5s_16k/3/3_0/3_0_23.wav,D,2,3_0,8
shipsear_5s_16k/3/3_0/3_0_24.wav,D,2,3_0,8
shipsear_5s_16k/3/3_0/3_0_25.wav,D,2,3_0,8
shipsear_5s_16k/3/3_0/3_0_26.wav,D,2,3_0,8
shipsear_5s_16k/3/3_0/3_0_27.wav,D,2,3_0,8
shipsear_5s_16k/3/3_0/3_0_28.wav,D,2,3_0,8
shipsear_5s_16k/3/3_0/3_0_29.wav,D,2,3_0,8
shipsear_5s_16k/3/3_0/3_0_3.wav,D,2,3_0,8
shipsear_5s_16k/3/3_0/3_0_30.wav,D,2,3_0,8
shipsear_5s_16k/3/3_0/3_0_31.wav,D,2,3_0,8
shipsear_5s_16k/3/3_0/3_0_32.wav,D,2,3_0,8
shipsear_5s_16k/3/3_0/3_0_33.wav,D,2,3_0,8
shipsear_5s_16k/3/3_0/3_0_34.wav,D,2,3_0,8
shipsear_5s_16k/3/3_0/3_0_35.wav,D,2,3_0,8
shipsear_5s_16k/3/3_0/3_0_36.wav,D,2,3_0,8
shipsear_5s_16k/3/3_0/3_0_37.wav,D,2,3_0,8
shipsear_5s_16k/3/3_0/3_0_38.wav,D,2,3_0,8
shipsear_5s_16k/3/3_0/3_0_39.wav,D,2,3_0,8
shipsear_5s_16k/3/3_0/3_0_4.wav,D,2,3_0,8
shipsear_5s_16k/3/3_0/3_0_40.wav,D,2,3_0,8
shipsear_5s_16k/3/3_0/3_0_41.wav,D,2,3_0,8
shipsear_5s_16k/3/3_0/3_0_42.wav,D,2,3_0,8
shipsear_5s_16k/3/3_0/3_0_43.wav,D,2,3_0,8
shipsear_5s_16k/3/3_0/3_0_44.wav,D,2,3_0,8
shipsear_5s_16k/3/3_0/3_0_45.wav,D,2,3_0,8
shipsear_5s_16k/3/3_0/3_0_46.wav,D,2,3_0,8
shipsear_5s_16k/3/3_0/3_0_47.wav,D,2,3_0,8
shipsear_5s_16k/3/3_0/3_0_48.wav,D,2,3_0,8
shipsear_5s_16k/3/3_0/3_0_49.wav,D,2,3_0,8
shipsear_5s_16k/3/3_0/3_0_5.wav,D,2,3_0,8
shipsear_5s_16k/3/3_0/3_0_50.wav,D,2,3_0,8
shipsear_5s_16k/3/3_0/3_0_51.wav,D,2,3_0,8
shipsear_5s_16k/3/3_0/3_0_52.wav,D,2,3_0,8
shipsear_5s_16k/3/3_0/3_0_53.wav,D,2,3_0,8
shipsear_5s_16k/3/3_0/3_0_54.wav,D,2,3_0,8
shipsear_5s_16k/3/3_0/3_0_55.wav,D,2,3_0,8
shipsear_5s_16k/3/3_0/3_0_56.wav,D,2,3_0,8
shipsear_5s_16k/3/3_0/3_0_57.wav,D,2,3_0,8
shipsear_5s_16k/3/3_0/3_0_58.wav,D,2,3_0,8
shipsear_5s_16k/3/3_0/3_0_59.wav,D,2,3_0,8
shipsear_5s_16k/3/3_0/3_0_6.wav,D,2,3_0,8
shipsear_5s_16k/3/3_0/3_0_60.wav,D,2,3_0,8
shipsear_5s_16k/3/3_0/3_0_61.wav,D,2,3_0,8
shipsear_5s_16k/3/3_0/3_0_62.wav,D,2,3_0,8
shipsear_5s_16k/3/3_0/3_0_63.wav,D,2,3_0,8
shipsear_5s_16k/3/3_0/3_0_64.wav,D,2,3_0,8
shipsear_5s_16k/3/3_0/3_0_65.wav,D,2,3_0,8
shipsear_5s_16k/3/3_0/3_0_66.wav,D,2,3_0,8
shipsear_5s_16k/3/3_0/3_0_67.wav,D,2,3_0,8
shipsear_5s_16k/3/3_0/3_0_68.wav,D,2,3_0,8
shipsear_5s_16k/3/3_0/3_0_69.wav,D,2,3_0,8
shipsear_5s_16k/3/3_0/3_0_7.wav,D,2,3_0,8
shipsear_5s_16k/3/3_0/3_0_70.wav,D,2,3_0,8
shipsear_5s_16k/3/3_0/3_0_71.wav,D,2,3_0,8
shipsear_5s_16k/3/3_0/3_0_72.wav,D,2,3_0,8
shipsear_5s_16k/3/3_0/3_0_73.wav,D,2,3_0,8
shipsear_5s_16k/3/3_0/3_0_74.wav,D,2,3_0,8
shipsear_5s_16k/3/3_0/3_0_75.wav,D,2,3_0,8
shipsear_5s_16k/3/3_0/3_0_76.wav,D,2,3_0,8
shipsear_5s_16k/3/3_0/3_0_77.wav,D,2,3_0,8
shipsear_5s_16k/3/3_0/3_0_78.wav,D,2,3_0,8
shipsear_5s_16k/3/3_0/3_0_79.wav,D,2,3_0,8
shipsear_5s_16k/3/3_0/3_0_8.wav,D,2,3_0,8
shipsear_5s_16k/3/3_0/3_0_80.wav,D,2,3_0,8
shipsear_5s_16k/3/3_0/3_0_81.wav,D,2,3_0,8
shipsear_5s_16k/3/3_0/3_0_82.wav,D,2,3_0,8
shipsear_5s_16k/3/3_0/3_0_83.wav,D,2,3_0,8
shipsear_5s_16k/3/3_0/3_0_84.wav,D,2,3_0,8
shipsear_5s_16k/3/3_0/3_0_85.wav,D,2,3_0,8
shipsear_5s_16k/3/3_0/3_0_86.wav,D,2,3_0,8
shipsear_5s_16k/3/3_0/3_0_87.wav,D,2,3_0,8
shipsear_5s_16k/3/3_0/3_0_88.wav,D,2,3_0,8
shipsear_5s_16k/3/3_0/3_0_89.wav,D,2,3_0,8
shipsear_5s_16k/3/3_0/3_0_9.wav,D,2,3_0,8
shipsear_5s_16k/3/3_0/3_0_90.wav,D,2,3_0,8
shipsear_5s_16k/3/3_0/3_0_91.wav,D,2,3_0,8
shipsear_5s_16k/3/3_0/3_0_92.wav,D,2,3_0,8
shipsear_5s_16k/3/3_0/3_0_93.wav,D,2,3_0,8
shipsear_5s_16k/3/3_0/3_0_94.wav,D,2,3_0,8
shipsear_5s_16k/3/3_0/3_0_95.wav,D,2,3_0,8
shipsear_5s_16k/3/3_0/3_0_96.wav,D,2,3_0,8
shipsear_5s_16k/3/3_0/3_0_97.wav,D,2,3_0,8
shipsear_5s_16k/3/3_0/3_0_98.wav,D,2,3_0,8
shipsear_5s_16k/3/3_0/3_0_99.wav,D,2,3_0,8
shipsear_5s_16k/3/3_1/3_1_1.wav,D,2,3_1,9
shipsear_5s_16k/3/3_1/3_1_10.wav,D,2,3_1,9
shipsear_5s_16k/3/3_1/3_1_100.wav,D,2,3_1,9
shipsear_5s_16k/3/3_1/3_1_101.wav,D,2,3_1,9
shipsear_5s_16k/3/3_1/3_1_102.wav,D,2,3_1,9
shipsear_5s_16k/3/3_1/3_1_103.wav,D,2,3_1,9
shipsear_5s_16k/3/3_1/3_1_104.wav,D,2,3_1,9
shipsear_5s_16k/3/3_1/3_1_105.wav,D,2,3_1,9
shipsear_5s_16k/3/3_1/3_1_106.wav,D,2,3_1,9
shipsear_5s_16k/3/3_1/3_1_107.wav,D,2,3_1,9
shipsear_5s_16k/3/3_1/3_1_108.wav,D,2,3_1,9
shipsear_5s_16k/3/3_1/3_1_109.wav,D,2,3_1,9
shipsear_5s_16k/3/3_1/3_1_11.wav,D,2,3_1,9
shipsear_5s_16k/3/3_1/3_1_110.wav,D,2,3_1,9
shipsear_5s_16k/3/3_1/3_1_111.wav,D,2,3_1,9
shipsear_5s_16k/3/3_1/3_1_112.wav,D,2,3_1,9
shipsear_5s_16k/3/3_1/3_1_113.wav,D,2,3_1,9
shipsear_5s_16k/3/3_1/3_1_114.wav,D,2,3_1,9
shipsear_5s_16k/3/3_1/3_1_115.wav,D,2,3_1,9
shipsear_5s_16k/3/3_1/3_1_116.wav,D,2,3_1,9
shipsear_5s_16k/3/3_1/3_1_117.wav,D,2,3_1,9
shipsear_5s_16k/3/3_1/3_1_118.wav,D,2,3_1,9
shipsear_5s_16k/3/3_1/3_1_119.wav,D,2,3_1,9
shipsear_5s_16k/3/3_1/3_1_12.wav,D,2,3_1,9
shipsear_5s_16k/3/3_1/3_1_120.wav,D,2,3_1,9
shipsear_5s_16k/3/3_1/3_1_121.wav,D,2,3_1,9
shipsear_5s_16k/3/3_1/3_1_122.wav,D,2,3_1,9
shipsear_5s_16k/3/3_1/3_1_123.wav,D,2,3_1,9
shipsear_5s_16k/3/3_1/3_1_124.wav,D,2,3_1,9
shipsear_5s_16k/3/3_1/3_1_125.wav,D,2,3_1,9
shipsear_5s_16k/3/3_1/3_1_126.wav,D,2,3_1,9
shipsear_5s_16k/3/3_1/3_1_127.wav,D,2,3_1,9
shipsear_5s_16k/3/3_1/3_1_128.wav,D,2,3_1,9
shipsear_5s_16k/3/3_1/3_1_129.wav,D,2,3_1,9
shipsear_5s_16k/3/3_1/3_1_13.wav,D,2,3_1,9
shipsear_5s_16k/3/3_1/3_1_130.wav,D,2,3_1,9
shipsear_5s_16k/3/3_1/3_1_131.wav,D,2,3_1,9
shipsear_5s_16k/3/3_1/3_1_132.wav,D,2,3_1,9
shipsear_5s_16k/3/3_1/3_1_133.wav,D,2,3_1,9
shipsear_5s_16k/3/3_1/3_1_134.wav,D,2,3_1,9
shipsear_5s_16k/3/3_1/3_1_135.wav,D,2,3_1,9
shipsear_5s_16k/3/3_1/3_1_136.wav,D,2,3_1,9
shipsear_5s_16k/3/3_1/3_1_137.wav,D,2,3_1,9
shipsear_5s_16k/3/3_1/3_1_138.wav,D,2,3_1,9
shipsear_5s_16k/3/3_1/3_1_139.wav,D,2,3_1,9
shipsear_5s_16k/3/3_1/3_1_14.wav,D,2,3_1,9
shipsear_5s_16k/3/3_1/3_1_140.wav,D,2,3_1,9
shipsear_5s_16k/3/3_1/3_1_141.wav,D,2,3_1,9
shipsear_5s_16k/3/3_1/3_1_142.wav,D,2,3_1,9
shipsear_5s_16k/3/3_1/3_1_143.wav,D,2,3_1,9
shipsear_5s_16k/3/3_1/3_1_144.wav,D,2,3_1,9
shipsear_5s_16k/3/3_1/3_1_145.wav,D,2,3_1,9
shipsear_5s_16k/3/3_1/3_1_146.wav,D,2,3_1,9
shipsear_5s_16k/3/3_1/3_1_147.wav,D,2,3_1,9
shipsear_5s_16k/3/3_1/3_1_148.wav,D,2,3_1,9
shipsear_5s_16k/3/3_1/3_1_149.wav,D,2,3_1,9
shipsear_5s_16k/3/3_1/3_1_15.wav,D,2,3_1,9
shipsear_5s_16k/3/3_1/3_1_150.wav,D,2,3_1,9
shipsear_5s_16k/3/3_1/3_1_151.wav,D,2,3_1,9
shipsear_5s_16k/3/3_1/3_1_152.wav,D,2,3_1,9
shipsear_5s_16k/3/3_1/3_1_153.wav,D,2,3_1,9
shipsear_5s_16k/3/3_1/3_1_154.wav,D,2,3_1,9
shipsear_5s_16k/3/3_1/3_1_155.wav,D,2,3_1,9
shipsear_5s_16k/3/3_1/3_1_156.wav,D,2,3_1,9
shipsear_5s_16k/3/3_1/3_1_157.wav,D,2,3_1,9
shipsear_5s_16k/3/3_1/3_1_158.wav,D,2,3_1,9
shipsear_5s_16k/3/3_1/3_1_159.wav,D,2,3_1,9
shipsear_5s_16k/3/3_1/3_1_16.wav,D,2,3_1,9
shipsear_5s_16k/3/3_1/3_1_160.wav,D,2,3_1,9
shipsear_5s_16k/3/3_1/3_1_161.wav,D,2,3_1,9
shipsear_5s_16k/3/3_1/3_1_162.wav,D,2,3_1,9
shipsear_5s_16k/3/3_1/3_1_163.wav,D,2,3_1,9
shipsear_5s_16k/3/3_1/3_1_164.wav,D,2,3_1,9
shipsear_5s_16k/3/3_1/3_1_165.wav,D,2,3_1,9
shipsear_5s_16k/3/3_1/3_1_166.wav,D,2,3_1,9
shipsear_5s_16k/3/3_1/3_1_167.wav,D,2,3_1,9
shipsear_5s_16k/3/3_1/3_1_168.wav,D,2,3_1,9
shipsear_5s_16k/3/3_1/3_1_169.wav,D,2,3_1,9
shipsear_5s_16k/3/3_1/3_1_17.wav,D,2,3_1,9
shipsear_5s_16k/3/3_1/3_1_170.wav,D,2,3_1,9
shipsear_5s_16k/3/3_1/3_1_171.wav,D,2,3_1,9
shipsear_5s_16k/3/3_1/3_1_172.wav,D,2,3_1,9
shipsear_5s_16k/3/3_1/3_1_173.wav,D,2,3_1,9
shipsear_5s_16k/3/3_1/3_1_174.wav,D,2,3_1,9
shipsear_5s_16k/3/3_1/3_1_175.wav,D,2,3_1,9
shipsear_5s_16k/3/3_1/3_1_176.wav,D,2,3_1,9
shipsear_5s_16k/3/3_1/3_1_177.wav,D,2,3_1,9
shipsear_5s_16k/3/3_1/3_1_178.wav,D,2,3_1,9
shipsear_5s_16k/3/3_1/3_1_179.wav,D,2,3_1,9
shipsear_5s_16k/3/3_1/3_1_18.wav,D,2,3_1,9
shipsear_5s_16k/3/3_1/3_1_180.wav,D,2,3_1,9
shipsear_5s_16k/3/3_1/3_1_181.wav,D,2,3_1,9
shipsear_5s_16k/3/3_1/3_1_182.wav,D,2,3_1,9
shipsear_5s_16k/3/3_1/3_1_183.wav,D,2,3_1,9
shipsear_5s_16k/3/3_1/3_1_184.wav,D,2,3_1,9
shipsear_5s_16k/3/3_1/3_1_185.wav,D,2,3_1,9
shipsear_5s_16k/3/3_1/3_1_186.wav,D,2,3_1,9
shipsear_5s_16k/3/3_1/3_1_187.wav,D,2,3_1,9
shipsear_5s_16k/3/3_1/3_1_188.wav,D,2,3_1,9
shipsear_5s_16k/3/3_1/3_1_189.wav,D,2,3_1,9
shipsear_5s_16k/3/3_1/3_1_19.wav,D,2,3_1,9
shipsear_5s_16k/3/3_1/3_1_190.wav,D,2,3_1,9
shipsear_5s_16k/3/3_1/3_1_191.wav,D,2,3_1,9
shipsear_5s_16k/3/3_1/3_1_192.wav,D,2,3_1,9
shipsear_5s_16k/3/3_1/3_1_193.wav,D,2,3_1,9
shipsear_5s_16k/3/3_1/3_1_194.wav,D,2,3_1,9
shipsear_5s_16k/3/3_1/3_1_195.wav,D,2,3_1,9
shipsear_5s_16k/3/3_1/3_1_196.wav,D,2,3_1,9
shipsear_5s_16k/3/3_1/3_1_197.wav,D,2,3_1,9
shipsear_5s_16k/3/3_1/3_1_198.wav,D,2,3_1,9
shipsear_5s_16k/3/3_1/3_1_199.wav,D,2,3_1,9
shipsear_5s_16k/3/3_1/3_1_2.wav,D,2,3_1,9
shipsear_5s_16k/3/3_1/3_1_20.wav,D,2,3_1,9
shipsear_5s_16k/3/3_1/3_1_200.wav,D,2,3_1,9
shipsear_5s_16k/3/3_1/3_1_201.wav,D,2,3_1,9
shipsear_5s_16k/3/3_1/3_1_202.wav,D,2,3_1,9
shipsear_5s_16k/3/3_1/3_1_203.wav,D,2,3_1,9
shipsear_5s_16k/3/3_1/3_1_204.wav,D,2,3_1,9
shipsear_5s_16k/3/3_1/3_1_205.wav,D,2,3_1,9
shipsear_5s_16k/3/3_1/3_1_206.wav,D,2,3_1,9
shipsear_5s_16k/3/3_1/3_1_207.wav,D,2,3_1,9
shipsear_5s_16k/3/3_1/3_1_208.wav,D,2,3_1,9
shipsear_5s_16k/3/3_1/3_1_209.wav,D,2,3_1,9
shipsear_5s_16k/3/3_1/3_1_21.wav,D,2,3_1,9
shipsear_5s_16k/3/3_1/3_1_210.wav,D,2,3_1,9
shipsear_5s_16k/3/3_1/3_1_211.wav,D,2,3_1,9
shipsear_5s_16k/3/3_1/3_1_212.wav,D,2,3_1,9
shipsear_5s_16k/3/3_1/3_1_213.wav,D,2,3_1,9
shipsear_5s_16k/3/3_1/3_1_214.wav,D,2,3_1,9
shipsear_5s_16k/3/3_1/3_1_215.wav,D,2,3_1,9
shipsear_5s_16k/3/3_1/3_1_216.wav,D,2,3_1,9
shipsear_5s_16k/3/3_1/3_1_217.wav,D,2,3_1,9
shipsear_5s_16k/3/3_1/3_1_218.wav,D,2,3_1,9
shipsear_5s_16k/3/3_1/3_1_219.wav,D,2,3_1,9
shipsear_5s_16k/3/3_1/3_1_22.wav,D,2,3_1,9
shipsear_5s_16k/3/3_1/3_1_220.wav,D,2,3_1,9
shipsear_5s_16k/3/3_1/3_1_221.wav,D,2,3_1,9
shipsear_5s_16k/3/3_1/3_1_222.wav,D,2,3_1,9
shipsear_5s_16k/3/3_1/3_1_223.wav,D,2,3_1,9
shipsear_5s_16k/3/3_1/3_1_224.wav,D,2,3_1,9
shipsear_5s_16k/3/3_1/3_1_225.wav,D,2,3_1,9
shipsear_5s_16k/3/3_1/3_1_226.wav,D,2,3_1,9
shipsear_5s_16k/3/3_1/3_1_227.wav,D,2,3_1,9
shipsear_5s_16k/3/3_1/3_1_228.wav,D,2,3_1,9
shipsear_5s_16k/3/3_1/3_1_229.wav,D,2,3_1,9
shipsear_5s_16k/3/3_1/3_1_23.wav,D,2,3_1,9
shipsear_5s_16k/3/3_1/3_1_230.wav,D,2,3_1,9
shipsear_5s_16k/3/3_1/3_1_231.wav,D,2,3_1,9
shipsear_5s_16k/3/3_1/3_1_232.wav,D,2,3_1,9
shipsear_5s_16k/3/3_1/3_1_233.wav,D,2,3_1,9
shipsear_5s_16k/3/3_1/3_1_234.wav,D,2,3_1,9
shipsear_5s_16k/3/3_1/3_1_235.wav,D,2,3_1,9
shipsear_5s_16k/3/3_1/3_1_236.wav,D,2,3_1,9
shipsear_5s_16k/3/3_1/3_1_237.wav,D,2,3_1,9
shipsear_5s_16k/3/3_1/3_1_238.wav,D,2,3_1,9
shipsear_5s_16k/3/3_1/3_1_239.wav,D,2,3_1,9
shipsear_5s_16k/3/3_1/3_1_24.wav,D,2,3_1,9
shipsear_5s_16k/3/3_1/3_1_240.wav,D,2,3_1,9
shipsear_5s_16k/3/3_1/3_1_241.wav,D,2,3_1,9
shipsear_5s_16k/3/3_1/3_1_242.wav,D,2,3_1,9
shipsear_5s_16k/3/3_1/3_1_243.wav,D,2,3_1,9
shipsear_5s_16k/3/3_1/3_1_244.wav,D,2,3_1,9
shipsear_5s_16k/3/3_1/3_1_245.wav,D,2,3_1,9
shipsear_5s_16k/3/3_1/3_1_246.wav,D,2,3_1,9
shipsear_5s_16k/3/3_1/3_1_247.wav,D,2,3_1,9
shipsear_5s_16k/3/3_1/3_1_248.wav,D,2,3_1,9
shipsear_5s_16k/3/3_1/3_1_249.wav,D,2,3_1,9
shipsear_5s_16k/3/3_1/3_1_25.wav,D,2,3_1,9
shipsear_5s_16k/3/3_1/3_1_250.wav,D,2,3_1,9
shipsear_5s_16k/3/3_1/3_1_251.wav,D,2,3_1,9
shipsear_5s_16k/3/3_1/3_1_252.wav,D,2,3_1,9
shipsear_5s_16k/3/3_1/3_1_253.wav,D,2,3_1,9
shipsear_5s_16k/3/3_1/3_1_254.wav,D,2,3_1,9
shipsear_5s_16k/3/3_1/3_1_255.wav,D,2,3_1,9
shipsear_5s_16k/3/3_1/3_1_256.wav,D,2,3_1,9
shipsear_5s_16k/3/3_1/3_1_257.wav,D,2,3_1,9
shipsear_5s_16k/3/3_1/3_1_258.wav,D,2,3_1,9
shipsear_5s_16k/3/3_1/3_1_259.wav,D,2,3_1,9
shipsear_5s_16k/3/3_1/3_1_26.wav,D,2,3_1,9
shipsear_5s_16k/3/3_1/3_1_260.wav,D,2,3_1,9
shipsear_5s_16k/3/3_1/3_1_261.wav,D,2,3_1,9
shipsear_5s_16k/3/3_1/3_1_262.wav,D,2,3_1,9
shipsear_5s_16k/3/3_1/3_1_263.wav,D,2,3_1,9
shipsear_5s_16k/3/3_1/3_1_264.wav,D,2,3_1,9
shipsear_5s_16k/3/3_1/3_1_265.wav,D,2,3_1,9
shipsear_5s_16k/3/3_1/3_1_266.wav,D,2,3_1,9
shipsear_5s_16k/3/3_1/3_1_267.wav,D,2,3_1,9
shipsear_5s_16k/3/3_1/3_1_268.wav,D,2,3_1,9
shipsear_5s_16k/3/3_1/3_1_269.wav,D,2,3_1,9
shipsear_5s_16k/3/3_1/3_1_27.wav,D,2,3_1,9
shipsear_5s_16k/3/3_1/3_1_270.wav,D,2,3_1,9
shipsear_5s_16k/3/3_1/3_1_271.wav,D,2,3_1,9
shipsear_5s_16k/3/3_1/3_1_272.wav,D,2,3_1,9
shipsear_5s_16k/3/3_1/3_1_273.wav,D,2,3_1,9
shipsear_5s_16k/3/3_1/3_1_274.wav,D,2,3_1,9
shipsear_5s_16k/3/3_1/3_1_275.wav,D,2,3_1,9
shipsear_5s_16k/3/3_1/3_1_276.wav,D,2,3_1,9
shipsear_5s_16k/3/3_1/3_1_277.wav,D,2,3_1,9
shipsear_5s_16k/3/3_1/3_1_278.wav,D,2,3_1,9
shipsear_5s_16k/3/3_1/3_1_279.wav,D,2,3_1,9
shipsear_5s_16k/3/3_1/3_1_28.wav,D,2,3_1,9
shipsear_5s_16k/3/3_1/3_1_280.wav,D,2,3_1,9
shipsear_5s_16k/3/3_1/3_1_281.wav,D,2,3_1,9
shipsear_5s_16k/3/3_1/3_1_282.wav,D,2,3_1,9
shipsear_5s_16k/3/3_1/3_1_283.wav,D,2,3_1,9
shipsear_5s_16k/3/3_1/3_1_284.wav,D,2,3_1,9
shipsear_5s_16k/3/3_1/3_1_285.wav,D,2,3_1,9
shipsear_5s_16k/3/3_1/3_1_286.wav,D,2,3_1,9
shipsear_5s_16k/3/3_1/3_1_287.wav,D,2,3_1,9
shipsear_5s_16k/3/3_1/3_1_288.wav,D,2,3_1,9
shipsear_5s_16k/3/3_1/3_1_289.wav,D,2,3_1,9
shipsear_5s_16k/3/3_1/3_1_29.wav,D,2,3_1,9
shipsear_5s_16k/3/3_1/3_1_290.wav,D,2,3_1,9
shipsear_5s_16k/3/3_1/3_1_291.wav,D,2,3_1,9
shipsear_5s_16k/3/3_1/3_1_292.wav,D,2,3_1,9
shipsear_5s_16k/3/3_1/3_1_293.wav,D,2,3_1,9
shipsear_5s_16k/3/3_1/3_1_294.wav,D,2,3_1,9
shipsear_5s_16k/3/3_1/3_1_295.wav,D,2,3_1,9
shipsear_5s_16k/3/3_1/3_1_296.wav,D,2,3_1,9
shipsear_5s_16k/3/3_1/3_1_297.wav,D,2,3_1,9
shipsear_5s_16k/3/3_1/3_1_298.wav,D,2,3_1,9
shipsear_5s_16k/3/3_1/3_1_299.wav,D,2,3_1,9
shipsear_5s_16k/3/3_1/3_1_3.wav,D,2,3_1,9
shipsear_5s_16k/3/3_1/3_1_30.wav,D,2,3_1,9
shipsear_5s_16k/3/3_1/3_1_300.wav,D,2,3_1,9
shipsear_5s_16k/3/3_1/3_1_31.wav,D,2,3_1,9
shipsear_5s_16k/3/3_1/3_1_32.wav,D,2,3_1,9
shipsear_5s_16k/3/3_1/3_1_33.wav,D,2,3_1,9
shipsear_5s_16k/3/3_1/3_1_34.wav,D,2,3_1,9
shipsear_5s_16k/3/3_1/3_1_35.wav,D,2,3_1,9
shipsear_5s_16k/3/3_1/3_1_36.wav,D,2,3_1,9
shipsear_5s_16k/3/3_1/3_1_37.wav,D,2,3_1,9
shipsear_5s_16k/3/3_1/3_1_38.wav,D,2,3_1,9
shipsear_5s_16k/3/3_1/3_1_39.wav,D,2,3_1,9
shipsear_5s_16k/3/3_1/3_1_4.wav,D,2,3_1,9
shipsear_5s_16k/3/3_1/3_1_40.wav,D,2,3_1,9
shipsear_5s_16k/3/3_1/3_1_41.wav,D,2,3_1,9
shipsear_5s_16k/3/3_1/3_1_42.wav,D,2,3_1,9
shipsear_5s_16k/3/3_1/3_1_43.wav,D,2,3_1,9
shipsear_5s_16k/3/3_1/3_1_44.wav,D,2,3_1,9
shipsear_5s_16k/3/3_1/3_1_45.wav,D,2,3_1,9
shipsear_5s_16k/3/3_1/3_1_46.wav,D,2,3_1,9
shipsear_5s_16k/3/3_1/3_1_47.wav,D,2,3_1,9
shipsear_5s_16k/3/3_1/3_1_48.wav,D,2,3_1,9
shipsear_5s_16k/3/3_1/3_1_49.wav,D,2,3_1,9
shipsear_5s_16k/3/3_1/3_1_5.wav,D,2,3_1,9
shipsear_5s_16k/3/3_1/3_1_50.wav,D,2,3_1,9
shipsear_5s_16k/3/3_1/3_1_51.wav,D,2,3_1,9
shipsear_5s_16k/3/3_1/3_1_52.wav,D,2,3_1,9
shipsear_5s_16k/3/3_1/3_1_53.wav,D,2,3_1,9
shipsear_5s_16k/3/3_1/3_1_54.wav,D,2,3_1,9
shipsear_5s_16k/3/3_1/3_1_55.wav,D,2,3_1,9
shipsear_5s_16k/3/3_1/3_1_56.wav,D,2,3_1,9
shipsear_5s_16k/3/3_1/3_1_57.wav,D,2,3_1,9
shipsear_5s_16k/3/3_1/3_1_58.wav,D,2,3_1,9
shipsear_5s_16k/3/3_1/3_1_59.wav,D,2,3_1,9
shipsear_5s_16k/3/3_1/3_1_6.wav,D,2,3_1,9
shipsear_5s_16k/3/3_1/3_1_60.wav,D,2,3_1,9
shipsear_5s_16k/3/3_1/3_1_61.wav,D,2,3_1,9
shipsear_5s_16k/3/3_1/3_1_62.wav,D,2,3_1,9
shipsear_5s_16k/3/3_1/3_1_63.wav,D,2,3_1,9
shipsear_5s_16k/3/3_1/3_1_64.wav,D,2,3_1,9
shipsear_5s_16k/3/3_1/3_1_65.wav,D,2,3_1,9
shipsear_5s_16k/3/3_1/3_1_66.wav,D,2,3_1,9
shipsear_5s_16k/3/3_1/3_1_67.wav,D,2,3_1,9
shipsear_5s_16k/3/3_1/3_1_68.wav,D,2,3_1,9
shipsear_5s_16k/3/3_1/3_1_69.wav,D,2,3_1,9
shipsear_5s_16k/3/3_1/3_1_7.wav,D,2,3_1,9
shipsear_5s_16k/3/3_1/3_1_70.wav,D,2,3_1,9
shipsear_5s_16k/3/3_1/3_1_71.wav,D,2,3_1,9
shipsear_5s_16k/3/3_1/3_1_72.wav,D,2,3_1,9
shipsear_5s_16k/3/3_1/3_1_73.wav,D,2,3_1,9
shipsear_5s_16k/3/3_1/3_1_74.wav,D,2,3_1,9
shipsear_5s_16k/3/3_1/3_1_75.wav,D,2,3_1,9
shipsear_5s_16k/3/3_1/3_1_76.wav,D,2,3_1,9
shipsear_5s_16k/3/3_1/3_1_77.wav,D,2,3_1,9
shipsear_5s_16k/3/3_1/3_1_78.wav,D,2,3_1,9
shipsear_5s_16k/3/3_1/3_1_79.wav,D,2,3_1,9
shipsear_5s_16k/3/3_1/3_1_8.wav,D,2,3_1,9
shipsear_5s_16k/3/3_1/3_1_80.wav,D,2,3_1,9
shipsear_5s_16k/3/3_1/3_1_81.wav,D,2,3_1,9
shipsear_5s_16k/3/3_1/3_1_82.wav,D,2,3_1,9
shipsear_5s_16k/3/3_1/3_1_83.wav,D,2,3_1,9
shipsear_5s_16k/3/3_1/3_1_84.wav,D,2,3_1,9
shipsear_5s_16k/3/3_1/3_1_85.wav,D,2,3_1,9
shipsear_5s_16k/3/3_1/3_1_86.wav,D,2,3_1,9
shipsear_5s_16k/3/3_1/3_1_87.wav,D,2,3_1,9
shipsear_5s_16k/3/3_1/3_1_88.wav,D,2,3_1,9
shipsear_5s_16k/3/3_1/3_1_89.wav,D,2,3_1,9
shipsear_5s_16k/3/3_1/3_1_9.wav,D,2,3_1,9
shipsear_5s_16k/3/3_1/3_1_90.wav,D,2,3_1,9
shipsear_5s_16k/3/3_1/3_1_91.wav,D,2,3_1,9
shipsear_5s_16k/3/3_1/3_1_92.wav,D,2,3_1,9
shipsear_5s_16k/3/3_1/3_1_93.wav,D,2,3_1,9
shipsear_5s_16k/3/3_1/3_1_94.wav,D,2,3_1,9
shipsear_5s_16k/3/3_1/3_1_95.wav,D,2,3_1,9
shipsear_5s_16k/3/3_1/3_1_96.wav,D,2,3_1,9
shipsear_5s_16k/3/3_1/3_1_97.wav,D,2,3_1,9
shipsear_5s_16k/3/3_1/3_1_98.wav,D,2,3_1,9
shipsear_5s_16k/3/3_1/3_1_99.wav,D,2,3_1,9
