category,n_stimuli,model,layer,n_layers,layer_pct,rsa_mean,rsa_sem,noise_ceiling
Mechanical,39,wav2vec2,0,25,0.0,0.36235345748751907,0.021808605595602198,0.5926112534503797
Mechanical,39,wav2vec2,1,25,4.166666666666667,0.2863367992216056,0.020776245098521058,0.5926112534503797
Mechanical,39,wav2vec2,2,25,8.333333333333334,0.29358025304897206,0.021616379650068105,0.5926112534503797
Mechanical,39,wav2vec2,3,25,12.5,0.29523185046521694,0.022984564642472814,0.5926112534503797
Mechanical,39,wav2vec2,4,25,16.666666666666668,0.2990205360811121,0.02308331956617139,0.5926112534503797
Mechanical,39,wav2vec2,5,25,20.833333333333332,0.28811811970203244,0.023674462075624257,0.5926112534503797
Mechanical,39,wav2vec2,6,25,25.0,0.26970638261601515,0.025042126368301942,0.5926112534503797
Mechanical,39,wav2vec2,7,25,29.166666666666668,0.24553651171823962,0.02530045501298903,0.5926112534503797
Mechanical,39,wav2vec2,8,25,33.333333333333336,0.20541829852157564,0.025006613138125692,0.5926112534503797
Mechanical,39,wav2vec2,9,25,37.5,0.15010749375694757,0.023227740191233876,0.5926112534503797
Mechanical,39,wav2vec2,10,25,41.666666666666664,0.09538119560463157,0.02094579915011921,0.5926112534503797
Mechanical,39,wav2vec2,11,25,45.833333333333336,0.14890652129480336,0.02251522646829252,0.5926112534503797
Mechanical,39,wav2vec2,12,25,50.0,0.14232701797249964,0.023329686469950702,0.5926112534503797
Mechanical,39,wav2vec2,13,25,54.166666666666664,0.1624080869612151,0.022034395716101284,0.5926112534503797
Mechanical,39,wav2vec2,14,25,58.333333333333336,0.1547637195998666,0.022049727150339708,0.5926112534503797
Mechanical,39,wav2vec2,15,25,62.5,0.17746045870176957,0.02169033546762041,0.5926112534503797
Mechanical,39,wav2vec2,16,25,66.66666666666667,0.163050703289035,0.02030406746892007,0.5926112534503797
Mechanical,39,wav2vec2,17,25,70.83333333333333,0.16959343254775233,0.019834199151950376,0.5926112534503797
Mechanical,39,wav2vec2,18,25,75.0,0.1922179241891258,0.02120955671230813,0.5926112534503797
Mechanical,39,wav2vec2,19,25,79.16666666666667,0.17629171386867518,0.02099526863295121,0.5926112534503797
Mechanical,39,wav2vec2,20,25,83.33333333333333,0.18802662620934718,0.019770119966247456,0.5926112534503797
Mechanical,39,wav2vec2,21,25,87.5,0.22390497288213282,0.021339165803856395,0.5926112534503797
Mechanical,39,wav2vec2,22,25,91.66666666666667,0.1622698623741325,0.018896724351461214,0.5926112534503797
Mechanical,39,wav2vec2,23,25,95.83333333333333,0.15617900712240337,0.01725565052275116,0.5926112534503797
Mechanical,39,wav2vec2,24,25,100.0,0.15234668871213064,0.017570587162977228,0.5926112534503797
Mechanical,39,hubert,0,25,0.0,0.29764043144380786,0.021953404679698262,0.5926112534503797
Mechanical,39,hubert,1,25,4.166666666666667,0.31983103278535263,0.021630137300342682,0.5926112534503797
Mechanical,39,hubert,2,25,8.333333333333334,0.3144178853165945,0.02245705147174486,0.5926112534503797
Mechanical,39,hubert,3,25,12.5,0.29810335964258516,0.022908805557867982,0.5926112534503797
Mechanical,39,hubert,4,25,16.666666666666668,0.29736963176387216,0.024287303128987903,0.5926112534503797
Mechanical,39,hubert,5,25,20.833333333333332,0.26558803256916474,0.024857215121455705,0.5926112534503797
Mechanical,39,hubert,6,25,25.0,0.24075991817302644,0.02532033231857132,0.5926112534503797
Mechanical,39,hubert,7,25,29.166666666666668,0.218785134589504,0.024847142958553243,0.5926112534503797
Mechanical,39,hubert,8,25,33.333333333333336,0.21456170188543583,0.024984511575237053,0.5926112534503797
Mechanical,39,hubert,9,25,37.5,0.20540648929427477,0.02530974067860691,0.5926112534503797
Mechanical,39,hubert,10,25,41.666666666666664,0.21086117256425102,0.02641436283514563,0.5926112534503797
Mechanical,39,hubert,11,25,45.833333333333336,0.20337257109352444,0.026774009999850214,0.5926112534503797
Mechanical,39,hubert,12,25,50.0,0.1941737242333072,0.02667679570568753,0.5926112534503797
Mechanical,39,hubert,13,25,54.166666666666664,0.1974981028258089,0.026565207517782213,0.5926112534503797
Mechanical,39,hubert,14,25,58.333333333333336,0.19459777400194483,0.02633425778463468,0.5926112534503797
Mechanical,39,hubert,15,25,62.5,0.1921445353272563,0.02570608832075556,0.5926112534503797
Mechanical,39,hubert,16,25,66.66666666666667,0.18225588094505676,0.02564884330478745,0.5926112534503797
Mechanical,39,hubert,17,25,70.83333333333333,0.1869187944560338,0.025883310129262316,0.5926112534503797
Mechanical,39,hubert,18,25,75.0,0.18114325943521578,0.02587171438563265,0.5926112534503797
Mechanical,39,hubert,19,25,79.16666666666667,0.1791360299701909,0.02612836880760841,0.5926112534503797
Mechanical,39,hubert,20,25,83.33333333333333,0.17928995693643163,0.025764243537958826,0.5926112534503797
Mechanical,39,hubert,21,25,87.5,0.18358502658403358,0.026895289430053145,0.5926112534503797
Mechanical,39,hubert,22,25,91.66666666666667,0.17482112441893977,0.02690844163680496,0.5926112534503797
Mechanical,39,hubert,23,25,95.83333333333333,0.17711860457640005,0.027693473414848565,0.5926112534503797
Mechanical,39,hubert,24,25,100.0,0.17680950896442457,0.025466145644897808,0.5926112534503797
Mechanical,39,wavlm,0,13,0.0,0.27446678861276685,0.01771839123214076,0.5926112534503797
Mechanical,39,wavlm,1,13,8.333333333333334,0.3645943247283864,0.02340768285841586,0.5926112534503797
Mechanical,39,wavlm,2,13,16.666666666666668,0.27316262698089905,0.02510210421352276,0.5926112534503797
Mechanical,39,wavlm,3,13,25.0,0.26730375344079416,0.024569042798357824,0.5926112534503797
Mechanical,39,wavlm,4,13,33.333333333333336,0.246305761658294,0.024871616516597944,0.5926112534503797
Mechanical,39,wavlm,5,13,41.666666666666664,0.20068583031343712,0.020197552317392873,0.5926112534503797
Mechanical,39,wavlm,6,13,50.0,0.16060693647585406,0.019953795512218105,0.5926112534503797
Mechanical,39,wavlm,7,13,58.333333333333336,0.1417447086315011,0.019819470971044584,0.5926112534503797
Mechanical,39,wavlm,8,13,66.66666666666667,0.12913233295060506,0.020906988269439607,0.5926112534503797
Mechanical,39,wavlm,9,13,75.0,0.13025138258504693,0.020471665580334128,0.5926112534503797
Mechanical,39,wavlm,10,13,83.33333333333333,0.14160141704828896,0.020629792385076687,0.5926112534503797
Mechanical,39,wavlm,11,13,91.66666666666667,0.13915783309527105,0.021262112312011496,0.5926112534503797
Mechanical,39,wavlm,12,13,100.0,0.13393032555892537,0.0190756764082068,0.5926112534503797
Mechanical,39,whisper,0,7,0.0,0.07282517772090762,0.01174916949280415,0.5926112534503797
Mechanical,39,whisper,1,7,16.666666666666668,0.09235999326366756,0.015496917039526523,0.5926112534503797
Mechanical,39,whisper,2,7,33.333333333333336,0.09713586716565863,0.0139165574113033,0.5926112534503797
Mechanical,39,whisper,3,7,50.0,0.0775319997911855,0.01477352007656368,0.5926112534503797
Mechanical,39,whisper,4,7,66.66666666666667,0.08457402725029338,0.016100684656300858,0.5926112534503797
Mechanical,39,whisper,5,7,83.33333333333333,0.13141667077118918,0.016606058868391362,0.5926112534503797
Mechanical,39,whisper,6,7,100.0,0.035794959489100504,0.016183266914205303,0.5926112534503797
Mechanical,39,ast,0,13,0.0,0.14597259486534564,0.02247702291070853,0.5926112534503797
Mechanical,39,ast,1,13,8.333333333333334,0.16849433236722217,0.0199354923175002,0.5926112534503797
Mechanical,39,ast,2,13,16.666666666666668,0.1598717899561991,0.018896576607016147,0.5926112534503797
Mechanical,39,ast,3,13,25.0,0.16953429203180942,0.01671459834296808,0.5926112534503797
Mechanical,39,ast,4,13,33.333333333333336,0.14150100174926394,0.017564303006850027,0.5926112534503797
Mechanical,39,ast,5,13,41.666666666666664,0.14686889870107347,0.018417523867310975,0.5926112534503797
Mechanical,39,ast,6,13,50.0,0.16125094342572005,0.02019774591797983,0.5926112534503797
Mechanical,39,ast,7,13,58.333333333333336,0.1349133464029194,0.01772737406324537,0.5926112534503797
Mechanical,39,ast,8,13,66.66666666666667,0.1529849606364006,0.01738074045653531,0.5926112534503797
Mechanical,39,ast,9,13,75.0,0.1587810349826239,0.01769993756482397,0.5926112534503797
Mechanical,39,ast,10,13,83.33333333333333,0.127073915912049,0.01912828795727699,0.5926112534503797
Mechanical,39,ast,11,13,91.66666666666667,0.16132272636244832,0.017606102601461105,0.5926112534503797
Mechanical,39,ast,12,13,100.0,0.1574948541085582,0.017782104623223976,0.5926112534503797
EnvSound,27,wav2vec2,0,25,0.0,0.35456698856698854,0.019349317420197576,0.6860385586635586
EnvSound,27,wav2vec2,1,25,4.166666666666667,0.3618316544566545,0.018800137338844197,0.6860385586635586
EnvSound,27,wav2vec2,2,25,8.333333333333334,0.36797872960372957,0.01889400777325826,0.6860385586635586
EnvSound,27,wav2vec2,3,25,12.5,0.36266748529248527,0.01852698644334724,0.6860385586635586
EnvSound,27,wav2vec2,4,25,16.666666666666668,0.3567000222000222,0.018355011361185017,0.6860385586635586
EnvSound,27,wav2vec2,5,25,20.833333333333332,0.3463165306915307,0.018470121999133803,0.6860385586635586
EnvSound,27,wav2vec2,6,25,25.0,0.31448996836496834,0.018701241815847158,0.6860385586635586
EnvSound,27,wav2vec2,7,25,29.166666666666668,0.3087202658452658,0.01888718802679606,0.6860385586635586
EnvSound,27,wav2vec2,8,25,33.333333333333336,0.2826131784881785,0.01941101966383272,0.6860385586635586
EnvSound,27,wav2vec2,9,25,37.5,0.25590004440004444,0.017558711207375843,0.6860385586635586
EnvSound,27,wav2vec2,10,25,41.666666666666664,0.22792567155067153,0.016867213677228585,0.6860385586635586
EnvSound,27,wav2vec2,11,25,45.833333333333336,0.2515071733821734,0.016446073068826464,0.6860385586635586
EnvSound,27,wav2vec2,12,25,50.0,0.26293030580530574,0.01663863649240242,0.6860385586635586
EnvSound,27,wav2vec2,13,25,54.166666666666664,0.3135056748806749,0.016830477168891408,0.6860385586635586
EnvSound,27,wav2vec2,14,25,58.333333333333336,0.31964829614829615,0.01682695759831961,0.6860385586635586
EnvSound,27,wav2vec2,15,25,62.5,0.3470021783771784,0.017027921192623776,0.6860385586635586
EnvSound,27,wav2vec2,16,25,66.66666666666667,0.34468417693417697,0.01629920287077077,0.6860385586635586
EnvSound,27,wav2vec2,17,25,70.83333333333333,0.3420388916638917,0.016053898814900044,0.6860385586635586
EnvSound,27,wav2vec2,18,25,75.0,0.3698764013764014,0.01866399540881059,0.6860385586635586
EnvSound,27,wav2vec2,19,25,79.16666666666667,0.3794204406704407,0.020401417188425905,0.6860385586635586
EnvSound,27,wav2vec2,20,25,83.33333333333333,0.3984300005550005,0.020599995466264294,0.6860385586635586
EnvSound,27,wav2vec2,21,25,87.5,0.4108763458763459,0.020966471146394303,0.6860385586635586
EnvSound,27,wav2vec2,22,25,91.66666666666667,0.33018527306027307,0.023809610490798206,0.6860385586635586
EnvSound,27,wav2vec2,23,25,95.83333333333333,0.048586843711843714,0.015250795383462162,0.6860385586635586
EnvSound,27,wav2vec2,24,25,100.0,0.07208222333222333,0.014515502871101366,0.6860385586635586
EnvSound,27,hubert,0,25,0.0,0.3653989205239206,0.019894784452024007,0.6860385586635586
EnvSound,27,hubert,1,25,4.166666666666667,0.3852046842046842,0.020466234964094113,0.6860385586635586
EnvSound,27,hubert,2,25,8.333333333333334,0.37809458596958595,0.02020243641929213,0.6860385586635586
EnvSound,27,hubert,3,25,12.5,0.39230497280497273,0.020217728148415066,0.6860385586635586
EnvSound,27,hubert,4,25,16.666666666666668,0.384349802974803,0.02013249877476338,0.6860385586635586
EnvSound,27,hubert,5,25,20.833333333333332,0.3723453213453213,0.019408990453908568,0.6860385586635586
EnvSound,27,hubert,6,25,25.0,0.36377905427905427,0.01843627997627115,0.6860385586635586
EnvSound,27,hubert,7,25,29.166666666666668,0.3698532856032856,0.018015871747062803,0.6860385586635586
EnvSound,27,hubert,8,25,33.333333333333336,0.3695055222555223,0.017375698775140443,0.6860385586635586
EnvSound,27,hubert,9,25,37.5,0.3569897324897325,0.01705427554282882,0.6860385586635586
EnvSound,27,hubert,10,25,41.666666666666664,0.3352177544677545,0.01671605618345051,0.6860385586635586
EnvSound,27,hubert,11,25,45.833333333333336,0.30885536685536674,0.01703979577102485,0.6860385586635586
EnvSound,27,hubert,12,25,50.0,0.28431379731379736,0.01729621173665803,0.6860385586635586
EnvSound,27,hubert,13,25,54.166666666666664,0.29410468697968695,0.01806896117411334,0.6860385586635586
EnvSound,27,hubert,14,25,58.333333333333336,0.2914050532800533,0.018193988743884434,0.6860385586635586
EnvSound,27,hubert,15,25,62.5,0.28365927128427126,0.018407243770571825,0.6860385586635586
EnvSound,27,hubert,16,25,66.66666666666667,0.2836947080697081,0.01873230893558645,0.6860385586635586
EnvSound,27,hubert,17,25,70.83333333333333,0.2938149766899767,0.019032567498544723,0.6860385586635586
EnvSound,27,hubert,18,25,75.0,0.30809790209790205,0.019110859954045142,0.6860385586635586
EnvSound,27,hubert,19,25,79.16666666666667,0.31962803862803857,0.019403984300298046,0.6860385586635586
EnvSound,27,hubert,20,25,83.33333333333333,0.31728416028416034,0.019861755282030505,0.6860385586635586
EnvSound,27,hubert,21,25,87.5,0.2980922688422689,0.020213458341692348,0.6860385586635586
EnvSound,27,hubert,22,25,91.66666666666667,0.27889829614829614,0.020906017036717895,0.6860385586635586
EnvSound,27,hubert,23,25,95.83333333333333,0.24876277888777887,0.02126026909894039,0.6860385586635586
EnvSound,27,hubert,24,25,100.0,0.18016788766788766,0.018220701131761233,0.6860385586635586
EnvSound,27,wavlm,0,13,0.0,0.30593759018759015,0.015815168991174307,0.6860385586635586
EnvSound,27,wavlm,1,13,8.333333333333334,0.38146520146520146,0.01686702866583232,0.6860385586635586
EnvSound,27,wavlm,2,13,16.666666666666668,0.3771220168720169,0.01676057723726279,0.6860385586635586
EnvSound,27,wavlm,3,13,25.0,0.3511294538794539,0.017386615894704104,0.6860385586635586
EnvSound,27,wavlm,4,13,33.333333333333336,0.3145000971250971,0.01472247400291835,0.6860385586635586
EnvSound,27,wavlm,5,13,41.666666666666664,0.3278697968697969,0.011969709382896713,0.6860385586635586
EnvSound,27,wavlm,6,13,50.0,0.31008667721167715,0.013062283437768813,0.6860385586635586
EnvSound,27,wavlm,7,13,58.333333333333336,0.2923049034299034,0.01240309784656352,0.6860385586635586
EnvSound,27,wavlm,8,13,66.66666666666667,0.26522519147519147,0.011411864135366455,0.6860385586635586
EnvSound,27,wavlm,9,13,75.0,0.25000818625818627,0.010895855852494312,0.6860385586635586
EnvSound,27,wavlm,10,13,83.33333333333333,0.2733407703407703,0.011242700056203037,0.6860385586635586
EnvSound,27,wavlm,11,13,91.66666666666667,0.2586328393828394,0.013016223197873864,0.6860385586635586
EnvSound,27,wavlm,12,13,100.0,0.2587538433788434,0.011960126696093486,0.6860385586635586
EnvSound,27,whisper,0,7,0.0,0.11057369019869019,0.015856972805334532,0.6860385586635586
EnvSound,27,whisper,1,7,16.666666666666668,0.16777862415362413,0.016761503644304333,0.6860385586635586
EnvSound,27,whisper,2,7,33.333333333333336,0.19304834054834055,0.014885610204563134,0.6860385586635586
EnvSound,27,whisper,3,7,50.0,0.27266951104451104,0.01719928042241514,0.6860385586635586
EnvSound,27,whisper,4,7,66.66666666666667,0.2507445332445333,0.014622688155318503,0.6860385586635586
EnvSound,27,whisper,5,7,83.33333333333333,0.2669342046842047,0.014612844094081876,0.6860385586635586
EnvSound,27,whisper,6,7,100.0,0.1304696692196692,0.012996855818925046,0.6860385586635586
EnvSound,27,ast,0,13,0.0,0.14907213619713622,0.02159334698508421,0.6860385586635586
EnvSound,27,ast,1,13,8.333333333333334,0.321879995004995,0.019861692033345316,0.6860385586635586
EnvSound,27,ast,2,13,16.666666666666668,0.3435102258852259,0.019337983483161174,0.6860385586635586
EnvSound,27,ast,3,13,25.0,0.4098192224442224,0.01812564820477846,0.6860385586635586
EnvSound,27,ast,4,13,33.333333333333336,0.4061845376845377,0.016726302662032663,0.6860385586635586
EnvSound,27,ast,5,13,41.666666666666664,0.3382018398268399,0.018541894022882466,0.6860385586635586
EnvSound,27,ast,6,13,50.0,0.33479209679209687,0.01844203138760669,0.6860385586635586
EnvSound,27,ast,7,13,58.333333333333336,0.25631510156510157,0.01940891193641266,0.6860385586635586
EnvSound,27,ast,8,13,66.66666666666667,0.28829585692085696,0.019513059922170943,0.6860385586635586
EnvSound,27,ast,9,13,75.0,0.3422476412476413,0.02232526832094486,0.6860385586635586
EnvSound,27,ast,10,13,83.33333333333333,0.41357942057942065,0.0216222759073097,0.6860385586635586
EnvSound,27,ast,11,13,91.66666666666667,0.4152307276057276,0.022622242798731918,0.6860385586635586
EnvSound,27,ast,12,13,100.0,0.4119706404706405,0.02234700451784477,0.6860385586635586
Music,24,wav2vec2,0,25,0.0,0.3392519513134801,0.016127959723230167,0.7720217177266305
Music,24,wav2vec2,1,25,4.166666666666667,0.27679165537021444,0.016532613958077307,0.7720217177266305
Music,24,wav2vec2,2,25,8.333333333333334,0.23964834976669852,0.016372150986448612,0.7720217177266305
Music,24,wav2vec2,3,25,12.5,0.23402925186569828,0.015935645901307624,0.7720217177266305
Music,24,wav2vec2,4,25,16.666666666666668,0.23896827956222091,0.015294313766286776,0.7720217177266305
Music,24,wav2vec2,5,25,20.833333333333332,0.2357281431486423,0.015240768468302374,0.7720217177266305
Music,24,wav2vec2,6,25,25.0,0.19497470070347173,0.01717642084527154,0.7720217177266305
Music,24,wav2vec2,7,25,29.166666666666668,0.17049040396113074,0.018422856178408716,0.7720217177266305
Music,24,wav2vec2,8,25,33.333333333333336,0.1855577688674534,0.01836690741461417,0.7720217177266305
Music,24,wav2vec2,9,25,37.5,0.21235344815285168,0.014897702953638693,0.7720217177266305
Music,24,wav2vec2,10,25,41.666666666666664,0.10687749889413678,0.012768999323221624,0.7720217177266305
Music,24,wav2vec2,11,25,45.833333333333336,0.1634246372055193,0.013332754797547976,0.7720217177266305
Music,24,wav2vec2,12,25,50.0,0.18939846748762146,0.014186733679556147,0.7720217177266305
Music,24,wav2vec2,13,25,54.166666666666664,0.2561073044049029,0.010822927765220598,0.7720217177266305
Music,24,wav2vec2,14,25,58.333333333333336,0.22562049628287267,0.011585927901943207,0.7720217177266305
Music,24,wav2vec2,15,25,62.5,0.25305632054337124,0.010669136813909118,0.7720217177266305
Music,24,wav2vec2,16,25,66.66666666666667,0.24058144147486482,0.010409115279498563,0.7720217177266305
Music,24,wav2vec2,17,25,70.83333333333333,0.24542341005408028,0.010883993685499808,0.7720217177266305
Music,24,wav2vec2,18,25,75.0,0.28079810504987085,0.00959516247928796,0.7720217177266305
Music,24,wav2vec2,19,25,79.16666666666667,0.2718765999343617,0.010574414274975385,0.7720217177266305
Music,24,wav2vec2,20,25,83.33333333333333,0.26797129036400735,0.008529055746567586,0.7720217177266305
Music,24,wav2vec2,21,25,87.5,0.3294054593969835,0.0084499440688046,0.7720217177266305
Music,24,wav2vec2,22,25,91.66666666666667,0.27773142506528165,0.015055479887137393,0.7720217177266305
Music,24,wav2vec2,23,25,95.83333333333333,0.1774744367232203,0.014821042697405595,0.7720217177266305
Music,24,wav2vec2,24,25,100.0,0.15689853169903398,0.015146610492263866,0.7720217177266305
Music,24,hubert,0,25,0.0,0.3337324239094762,0.019529398988393627,0.7720217177266305
Music,24,hubert,1,25,4.166666666666667,0.3308254448423967,0.015014589111439592,0.7720217177266305
Music,24,hubert,2,25,8.333333333333334,0.3424795593670181,0.013974945150564794,0.7720217177266305
Music,24,hubert,3,25,12.5,0.3188225910018406,0.011913347532372932,0.7720217177266305
Music,24,hubert,4,25,16.666666666666668,0.299967494756068,0.011003317085509183,0.7720217177266305
Music,24,hubert,5,25,20.833333333333332,0.28774406757894444,0.01084129565920655,0.7720217177266305
Music,24,hubert,6,25,25.0,0.2885249354318575,0.010175752971786424,0.7720217177266305
Music,24,hubert,7,25,29.166666666666668,0.2969660821049928,0.011257469649675538,0.7720217177266305
Music,24,hubert,8,25,33.333333333333336,0.27910817482627237,0.011877457065358447,0.7720217177266305
Music,24,hubert,9,25,37.5,0.25769826343802177,0.012718094300471067,0.7720217177266305
Music,24,hubert,10,25,41.666666666666664,0.2513562591857993,0.012536646079388527,0.7720217177266305
Music,24,hubert,11,25,45.833333333333336,0.24173193875658167,0.011720057221919024,0.7720217177266305
Music,24,hubert,12,25,50.0,0.22356424708551534,0.010968832111179098,0.7720217177266305
Music,24,hubert,13,25,54.166666666666664,0.23226968793253522,0.00990604929529514,0.7720217177266305
Music,24,hubert,14,25,58.333333333333336,0.22971692755525747,0.010175596205047358,0.7720217177266305
Music,24,hubert,15,25,62.5,0.2040114439006293,0.010051478917625364,0.7720217177266305
Music,24,hubert,16,25,66.66666666666667,0.1735369929082062,0.009429729430858486,0.7720217177266305
Music,24,hubert,17,25,70.83333333333333,0.18070281531370844,0.009024972273573663,0.7720217177266305
Music,24,hubert,18,25,75.0,0.1850052082590146,0.008379296082514847,0.7720217177266305
Music,24,hubert,19,25,79.16666666666667,0.18486716799132435,0.008611775344804867,0.7720217177266305
Music,24,hubert,20,25,83.33333333333333,0.20371170502704014,0.008751752731409232,0.7720217177266305
Music,24,hubert,21,25,87.5,0.23746090951898519,0.009085437748399483,0.7720217177266305
Music,24,hubert,22,25,91.66666666666667,0.19121165508483043,0.010169628571388695,0.7720217177266305
Music,24,hubert,23,25,95.83333333333333,0.30065963670609724,0.010945593455100676,0.7720217177266305
Music,24,hubert,24,25,100.0,0.27127412565459974,0.011627806383445823,0.7720217177266305
Music,24,wavlm,0,13,0.0,0.34549975028895136,0.01806469589966864,0.7720217177266305
Music,24,wavlm,1,13,8.333333333333334,0.3632525220815913,0.009998088880299644,0.7720217177266305
Music,24,wavlm,2,13,16.666666666666668,0.2629669382571596,0.01350787253208442,0.7720217177266305
Music,24,wavlm,3,13,25.0,0.3806856351935618,0.01346981397832072,0.7720217177266305
Music,24,wavlm,4,13,33.333333333333336,0.41879707766727076,0.013086922621931688,0.7720217177266305
Music,24,wavlm,5,13,41.666666666666664,0.44744207417131604,0.014619060046947002,0.7720217177266305
Music,24,wavlm,6,13,50.0,0.47934801158659274,0.015723993567588603,0.7720217177266305
Music,24,wavlm,7,13,58.333333333333336,0.5042135243503946,0.01679767434826302,0.7720217177266305
Music,24,wavlm,8,13,66.66666666666667,0.4996747763302465,0.01578099591262839,0.7720217177266305
Music,24,wavlm,9,13,75.0,0.4597454659608167,0.014307725869558795,0.7720217177266305
Music,24,wavlm,10,13,83.33333333333333,0.49170739572780076,0.015332494530102663,0.7720217177266305
Music,24,wavlm,11,13,91.66666666666667,0.5204801586735348,0.01284694583073495,0.7720217177266305
Music,24,wavlm,12,13,100.0,0.49771647094076865,0.013447517544846424,0.7720217177266305
Music,24,whisper,0,7,0.0,0.18321673492102,0.01333064907832412,0.7720217177266305
Music,24,whisper,1,7,16.666666666666668,0.27283774489519275,0.014262729136841547,0.7720217177266305
Music,24,whisper,2,7,33.333333333333336,0.22765927997602775,0.011414014411924484,0.7720217177266305
Music,24,whisper,3,7,50.0,0.23986304419172105,0.01340323842330185,0.7720217177266305
Music,24,whisper,4,7,66.66666666666667,0.23992257530571764,0.014574284340375636,0.7720217177266305
Music,24,whisper,5,7,83.33333333333333,0.27002265949401416,0.014132168496935323,0.7720217177266305
Music,24,whisper,6,7,100.0,0.12719313365962245,0.014169183842898073,0.7720217177266305
Music,24,ast,0,13,0.0,-0.01950585750774105,0.023254891042928313,0.7720217177266305
Music,24,ast,1,13,8.333333333333334,0.14326810405102666,0.010910425282884507,0.7720217177266305
Music,24,ast,2,13,16.666666666666668,0.14231172500392403,0.011003527534660969,0.7720217177266305
Music,24,ast,3,13,25.0,0.2348690229876857,0.011554512333770894,0.7720217177266305
Music,24,ast,4,13,33.333333333333336,0.20334547166849792,0.012624682684782309,0.7720217177266305
Music,24,ast,5,13,41.666666666666664,0.4003591843723691,0.010870859735271448,0.7720217177266305
Music,24,ast,6,13,50.0,0.47965151752971574,0.010450048691226345,0.7720217177266305
Music,24,ast,7,13,58.333333333333336,0.5162528788116608,0.013798136866479745,0.7720217177266305
Music,24,ast,8,13,66.66666666666667,0.5912714430444771,0.014634024948108091,0.7720217177266305
Music,24,ast,9,13,75.0,0.5835853655056292,0.014614090472706462,0.7720217177266305
Music,24,ast,10,13,83.33333333333333,0.5967912843709422,0.018349677092125927,0.7720217177266305
Music,24,ast,11,13,91.66666666666667,0.5538955779740586,0.017098891127498232,0.7720217177266305
Music,24,ast,12,13,100.0,0.5274011500977441,0.015642780045981127,0.7720217177266305
HumNonVoc,15,wav2vec2,0,25,0.0,0.4895868753887621,0.03395816148050048,0.59072309765706
HumNonVoc,15,wav2vec2,1,25,4.166666666666667,0.5010299606054323,0.03391247334091433,0.59072309765706
HumNonVoc,15,wav2vec2,2,25,8.333333333333334,0.4756712626995645,0.03284072267942618,0.59072309765706
HumNonVoc,15,wav2vec2,3,25,12.5,0.48052042297325315,0.034474314941582214,0.59072309765706
HumNonVoc,15,wav2vec2,4,25,16.666666666666668,0.4809117769023429,0.03343940471243296,0.59072309765706
HumNonVoc,15,wav2vec2,5,25,20.833333333333332,0.4823061372589675,0.033666736093852456,0.59072309765706
HumNonVoc,15,wav2vec2,6,25,25.0,0.4806417167737923,0.03368178593172982,0.59072309765706
HumNonVoc,15,wav2vec2,7,25,29.166666666666668,0.4625772340866681,0.032352311751971265,0.59072309765706
HumNonVoc,15,wav2vec2,8,25,33.333333333333336,0.4552524362430022,0.03149017719298642,0.59072309765706
HumNonVoc,15,wav2vec2,9,25,37.5,0.3751637984656853,0.029330175058096743,0.59072309765706
HumNonVoc,15,wav2vec2,10,25,41.666666666666664,0.17466151772755545,0.028966229447878224,0.59072309765706
HumNonVoc,15,wav2vec2,11,25,45.833333333333336,0.29610874974082524,0.02979959325006807,0.59072309765706
HumNonVoc,15,wav2vec2,12,25,50.0,0.286345117147004,0.028971453533553966,0.59072309765706
HumNonVoc,15,wav2vec2,13,25,54.166666666666664,0.18653483309143687,0.03139296634898842,0.59072309765706
HumNonVoc,15,wav2vec2,14,25,58.333333333333336,0.1693790172092059,0.030723976500151153,0.59072309765706
HumNonVoc,15,wav2vec2,15,25,62.5,0.17510470661414057,0.030947089223912375,0.59072309765706
HumNonVoc,15,wav2vec2,16,25,66.66666666666667,0.15324331329048307,0.031621422976355805,0.59072309765706
HumNonVoc,15,wav2vec2,17,25,70.83333333333333,0.13524673439767781,0.030840362767211044,0.59072309765706
HumNonVoc,15,wav2vec2,18,25,75.0,0.24835579514824793,0.030498923181227402,0.59072309765706
HumNonVoc,15,wav2vec2,19,25,79.16666666666667,0.3366690856313498,0.030562023440522203,0.59072309765706
HumNonVoc,15,wav2vec2,20,25,83.33333333333333,0.34617458013684427,0.03002541552989337,0.59072309765706
HumNonVoc,15,wav2vec2,21,25,87.5,0.36135548413850305,0.03152939246349008,0.59072309765706
HumNonVoc,15,wav2vec2,22,25,91.66666666666667,0.03186346672195728,0.023989983467329893,0.59072309765706
HumNonVoc,15,wav2vec2,23,25,95.83333333333333,0.21179763632593823,0.02948856049265562,0.59072309765706
HumNonVoc,15,wav2vec2,24,25,100.0,0.20030582624922247,0.02944034417950037,0.59072309765706
HumNonVoc,15,hubert,0,25,0.0,0.49301472112792866,0.034606466528628345,0.59072309765706
HumNonVoc,15,hubert,1,25,4.166666666666667,0.48686502177068214,0.03332673980335725,0.59072309765706
HumNonVoc,15,hubert,2,25,8.333333333333334,0.465022289031723,0.034876945261043846,0.59072309765706
HumNonVoc,15,hubert,3,25,12.5,0.4517903794318888,0.03579328835965868,0.59072309765706
HumNonVoc,15,hubert,4,25,16.666666666666668,0.45129742898610814,0.03646100128810891,0.59072309765706
HumNonVoc,15,hubert,5,25,20.833333333333332,0.43410792038150525,0.03691998997870857,0.59072309765706
HumNonVoc,15,hubert,6,25,25.0,0.41327493261455517,0.037324408133876094,0.59072309765706
HumNonVoc,15,hubert,7,25,29.166666666666668,0.383599419448476,0.03678586130316745,0.59072309765706
HumNonVoc,15,hubert,8,25,33.333333333333336,0.38348641924113624,0.03619729411955498,0.59072309765706
HumNonVoc,15,hubert,9,25,37.5,0.36798362015343145,0.03579056768669885,0.59072309765706
HumNonVoc,15,hubert,10,25,41.666666666666664,0.37112741032552343,0.03577395648780175,0.59072309765706
HumNonVoc,15,hubert,11,25,45.833333333333336,0.3784563549657889,0.03665009493007309,0.59072309765706
HumNonVoc,15,hubert,12,25,50.0,0.38364088741447233,0.035990794965270634,0.59072309765706
HumNonVoc,15,hubert,13,25,54.166666666666664,0.3926606883682356,0.033792209844830216,0.59072309765706
HumNonVoc,15,hubert,14,25,58.333333333333336,0.3956619324072154,0.03342293578983949,0.59072309765706
HumNonVoc,15,hubert,15,25,62.5,0.40317022600041463,0.03231353344340188,0.59072309765706
HumNonVoc,15,hubert,16,25,66.66666666666667,0.38644775036284473,0.03198052387001498,0.59072309765706
HumNonVoc,15,hubert,17,25,70.83333333333333,0.38106261662865437,0.031973029731241484,0.59072309765706
HumNonVoc,15,hubert,18,25,75.0,0.3784143686502177,0.032649161010087135,0.59072309765706
HumNonVoc,15,hubert,19,25,79.16666666666667,0.3897895500725689,0.033286423196015824,0.59072309765706
HumNonVoc,15,hubert,20,25,83.33333333333333,0.39912191582002904,0.03337370451348853,0.59072309765706
HumNonVoc,15,hubert,21,25,87.5,0.4153078996475223,0.03498966095610076,0.59072309765706
HumNonVoc,15,hubert,22,25,91.66666666666667,0.39317540949616425,0.03782564262785228,0.59072309765706
HumNonVoc,15,hubert,23,25,95.83333333333333,0.3993292556500103,0.036945337991720145,0.59072309765706
HumNonVoc,15,hubert,24,25,100.0,0.41528353721749944,0.0340975768091456,0.59072309765706
HumNonVoc,15,wavlm,0,13,0.0,0.40403016794526225,0.02901856878657033,0.59072309765706
HumNonVoc,15,wavlm,1,13,8.333333333333334,0.4288026124818578,0.02983123347059269,0.59072309765706
HumNonVoc,15,wavlm,2,13,16.666666666666668,0.35110252954592575,0.02511336027845261,0.59072309765706
HumNonVoc,15,wavlm,3,13,25.0,0.3403721749948164,0.02646999781989178,0.59072309765706
HumNonVoc,15,wavlm,4,13,33.333333333333336,0.25435102633215834,0.02608415163291348,0.59072309765706
HumNonVoc,15,wavlm,5,13,41.666666666666664,0.23763736263736268,0.026693173101206866,0.59072309765706
HumNonVoc,15,wavlm,6,13,50.0,0.2065187642546133,0.025531428093954374,0.59072309765706
HumNonVoc,15,wavlm,7,13,58.333333333333336,0.20146019075264357,0.026769419358982496,0.59072309765706
HumNonVoc,15,wavlm,8,13,66.66666666666667,0.1921832884097035,0.02723502460988268,0.59072309765706
HumNonVoc,15,wavlm,9,13,75.0,0.1844235952726519,0.02688781101861672,0.59072309765706
HumNonVoc,15,wavlm,10,13,83.33333333333333,0.24448579722164626,0.029425850430493075,0.59072309765706
HumNonVoc,15,wavlm,11,13,91.66666666666667,0.2814270163798466,0.03105459500260352,0.59072309765706
HumNonVoc,15,wavlm,12,13,100.0,0.24328892805307906,0.027148236685214624,0.59072309765706
HumNonVoc,15,whisper,0,7,0.0,0.24644567696454484,0.01893595209479464,0.59072309765706
HumNonVoc,15,whisper,1,7,16.666666666666668,0.3248766328011611,0.023508405843132265,0.59072309765706
HumNonVoc,15,whisper,2,7,33.333333333333336,0.3022257930748497,0.022266121486255768,0.59072309765706
HumNonVoc,15,whisper,3,7,50.0,0.2371392286958324,0.026044228292040755,0.59072309765706
HumNonVoc,15,whisper,4,7,66.66666666666667,0.16542815674891148,0.026373440223530876,0.59072309765706
HumNonVoc,15,whisper,5,7,83.33333333333333,0.19966255442670536,0.025589306426669248,0.59072309765706
HumNonVoc,15,whisper,6,7,100.0,-0.006857764876632802,0.019644523837028968,0.59072309765706
HumNonVoc,15,ast,0,13,0.0,0.41922195728799494,0.029866387130617983,0.59072309765706
HumNonVoc,15,ast,1,13,8.333333333333334,0.27923543437694376,0.031653046652548485,0.59072309765706
HumNonVoc,15,ast,2,13,16.666666666666668,0.27876166286543647,0.03376910005589257,0.59072309765706
HumNonVoc,15,ast,3,13,25.0,0.1755323450134771,0.02819579613996653,0.59072309765706
HumNonVoc,15,ast,4,13,33.333333333333336,0.1453312253783952,0.024762699098314224,0.59072309765706
HumNonVoc,15,ast,5,13,41.666666666666664,0.20165353514410117,0.022553028126103346,0.59072309765706
HumNonVoc,15,ast,6,13,50.0,0.15618339207961845,0.022533301181377693,0.59072309765706
HumNonVoc,15,ast,7,13,58.333333333333336,0.2102799087704748,0.02565907512269996,0.59072309765706
HumNonVoc,15,ast,8,13,66.66666666666667,0.19877928675098486,0.022312072220501813,0.59072309765706
HumNonVoc,15,ast,9,13,75.0,0.15906489736678414,0.021168404934620362,0.59072309765706
HumNonVoc,15,ast,10,13,83.33333333333333,0.094488907319096,0.0208295609814128,0.59072309765706
HumNonVoc,15,ast,11,13,91.66666666666667,0.12956562305618907,0.019988987056772056,0.59072309765706
HumNonVoc,15,ast,12,13,100.0,0.23918359941944844,0.020481185883925265,0.59072309765706
HumVoc,13,wav2vec2,0,25,0.0,0.4119222549602296,0.014486605739944704,0.7384805068349372
HumVoc,13,wav2vec2,1,25,4.166666666666667,0.44028756054072504,0.014622701332097967,0.7384805068349372
HumVoc,13,wav2vec2,2,25,8.333333333333334,0.43963125482112825,0.015702449886555146,0.7384805068349372
HumVoc,13,wav2vec2,3,25,12.5,0.41280238748593173,0.016672457525711854,0.7384805068349372
HumVoc,13,wav2vec2,4,25,16.666666666666668,0.4092009256566218,0.01582894212767417,0.7384805068349372
HumVoc,13,wav2vec2,5,25,20.833333333333332,0.3885898911215367,0.017111750086250002,0.7384805068349372
HumVoc,13,wav2vec2,6,25,25.0,0.3309108612906081,0.01838355999434845,0.7384805068349372
HumVoc,13,wav2vec2,7,25,29.166666666666668,0.36015882851325887,0.018092722628063065,0.7384805068349372
HumVoc,13,wav2vec2,8,25,33.333333333333336,0.39141744331617745,0.01893918014681487,0.7384805068349372
HumVoc,13,wav2vec2,9,25,37.5,0.4174875757154237,0.026413908161367607,0.7384805068349372
HumVoc,13,wav2vec2,10,25,41.666666666666664,0.4444694545960369,0.027844560339325006,0.7384805068349372
HumVoc,13,wav2vec2,11,25,45.833333333333336,0.429478116819889,0.028833453944103152,0.7384805068349372
HumVoc,13,wav2vec2,12,25,50.0,0.42243452749781857,0.02950273753036114,0.7384805068349372
HumVoc,13,wav2vec2,13,25,54.166666666666664,0.4717725312662021,0.024995855114491608,0.7384805068349372
HumVoc,13,wav2vec2,14,25,58.333333333333336,0.4478837618078123,0.026762608071984585,0.7384805068349372
HumVoc,13,wav2vec2,15,25,62.5,0.4704422160118362,0.02444727904408607,0.7384805068349372
HumVoc,13,wav2vec2,16,25,66.66666666666667,0.48368214064416604,0.023669488116675526,0.7384805068349372
HumVoc,13,wav2vec2,17,25,70.83333333333333,0.5007587349359504,0.023877357202641353,0.7384805068349372
HumVoc,13,wav2vec2,18,25,75.0,0.5351939200040465,0.02217964061680002,0.7384805068349372
HumVoc,13,wav2vec2,19,25,79.16666666666667,0.5261523286839742,0.022233617654808326,0.7384805068349372
HumVoc,13,wav2vec2,20,25,83.33333333333333,0.556535869194097,0.02214875370868401,0.7384805068349372
HumVoc,13,wav2vec2,21,25,87.5,0.5402875605407251,0.022567613378587054,0.7384805068349372
HumVoc,13,wav2vec2,22,25,91.66666666666667,0.4553054540396312,0.03128521628470213,0.7384805068349372
HumVoc,13,wav2vec2,23,25,95.83333333333333,0.21033776350232042,0.032498671272911527,0.7384805068349372
HumVoc,13,wav2vec2,24,25,100.0,0.19614562652537332,0.032423852665026585,0.7384805068349372
HumVoc,13,hubert,0,25,0.0,0.32191100039201304,0.016922970821249564,0.7384805068349372
HumVoc,13,hubert,1,25,4.166666666666667,0.44704156602890777,0.017712322378526088,0.7384805068349372
HumVoc,13,hubert,2,25,8.333333333333334,0.45596428887568125,0.018311116215000808,0.7384805068349372
HumVoc,13,hubert,3,25,12.5,0.43024696822165176,0.019921250537197333,0.7384805068349372
HumVoc,13,hubert,4,25,16.666666666666668,0.387580773656723,0.021081317123485016,0.7384805068349372
HumVoc,13,hubert,5,25,20.833333333333332,0.34543304796469354,0.02209443024268519,0.7384805068349372
HumVoc,13,hubert,6,25,25.0,0.2947976074558353,0.022996560271063747,0.7384805068349372
HumVoc,13,hubert,7,25,29.166666666666668,0.23234613487778039,0.02397386877166733,0.7384805068349372
HumVoc,13,hubert,8,25,33.333333333333336,0.21318301951213342,0.024698900181388966,0.7384805068349372
HumVoc,13,hubert,9,25,37.5,0.21391646328355188,0.023584311318454464,0.7384805068349372
HumVoc,13,hubert,10,25,41.666666666666664,0.17997192680736981,0.023838716718038055,0.7384805068349372
HumVoc,13,hubert,11,25,45.833333333333336,0.12704890046662198,0.02456593572290545,0.7384805068349372
HumVoc,13,hubert,12,25,50.0,0.062209941956777405,0.025249209085805562,0.7384805068349372
HumVoc,13,hubert,13,25,54.166666666666664,0.06093906093906093,0.025879082126853668,0.7384805068349372
HumVoc,13,hubert,14,25,58.333333333333336,0.07885405733506998,0.02554835734451238,0.7384805068349372
HumVoc,13,hubert,15,25,62.5,0.07828374157488081,0.027759909581903938,0.7384805068349372
HumVoc,13,hubert,16,25,66.66666666666667,0.09563348044360702,0.029275231566685468,0.7384805068349372
HumVoc,13,hubert,17,25,70.83333333333333,0.1341708923987405,0.030105136816414305,0.7384805068349372
HumVoc,13,hubert,18,25,75.0,0.1417620354329215,0.02968859189521293,0.7384805068349372
HumVoc,13,hubert,19,25,79.16666666666667,0.15854651677436488,0.029591316974806006,0.7384805068349372
HumVoc,13,hubert,20,25,83.33333333333333,0.14707697365925215,0.030069590714853878,0.7384805068349372
HumVoc,13,hubert,21,25,87.5,0.17539801970181718,0.026998646068107243,0.7384805068349372
HumVoc,13,hubert,22,25,91.66666666666667,0.21253303658366945,0.025147471467165047,0.7384805068349372
HumVoc,13,hubert,23,25,95.83333333333333,0.12427319515927107,0.023723661912614224,0.7384805068349372
HumVoc,13,hubert,24,25,100.0,0.019835860342189454,0.0250416375592791,0.7384805068349372
HumVoc,13,wavlm,0,13,0.0,0.20569177657785248,0.017863068127869617,0.7384805068349372
HumVoc,13,wavlm,1,13,8.333333333333334,0.299878602410248,0.01779568669076218,0.7384805068349372
HumVoc,13,wavlm,2,13,16.666666666666668,0.45680395553813274,0.012903442630644107,0.7384805068349372
HumVoc,13,wavlm,3,13,25.0,0.40101164658126687,0.01836444337459078,0.7384805068349372
HumVoc,13,wavlm,4,13,33.333333333333336,0.25822784810126576,0.023883959364141255,0.7384805068349372
HumVoc,13,wavlm,5,13,41.666666666666664,0.2328468999355075,0.027102561312475595,0.7384805068349372
HumVoc,13,wavlm,6,13,50.0,0.1942614347677639,0.028633383590003766,0.7384805068349372
HumVoc,13,wavlm,7,13,58.333333333333336,0.2428912859292606,0.029378637772278223,0.7384805068349372
HumVoc,13,wavlm,8,13,66.66666666666667,0.23375738185864767,0.029054731093312254,0.7384805068349372
HumVoc,13,wavlm,9,13,75.0,0.2939415015364382,0.0282957021712031,0.7384805068349372
HumVoc,13,wavlm,10,13,83.33333333333333,0.35381074621580944,0.027044045012159054,0.7384805068349372
HumVoc,13,wavlm,11,13,91.66666666666667,0.31072471831965504,0.02373632601595197,0.7384805068349372
HumVoc,13,wavlm,12,13,100.0,0.27653738666396893,0.018533444355846744,0.7384805068349372
HumVoc,13,whisper,0,7,0.0,0.3013353734872722,0.017326695224424697,0.7384805068349372
HumVoc,13,whisper,1,7,16.666666666666668,0.3590611919725843,0.02386838966477792,0.7384805068349372
HumVoc,13,whisper,2,7,33.333333333333336,0.37636414218692693,0.023574376359056626,0.7384805068349372
HumVoc,13,whisper,3,7,50.0,0.33245868055994643,0.024783089781996042,0.7384805068349372
HumVoc,13,whisper,4,7,66.66666666666667,0.21497869219388202,0.02897415379870157,0.7384805068349372
HumVoc,13,whisper,5,7,83.33333333333333,0.20931347133878778,0.023806312420337337,0.7384805068349372
HumVoc,13,whisper,6,7,100.0,0.10137331023406973,0.02380289693203347,0.7384805068349372
HumVoc,13,ast,0,13,0.0,0.3573135725034459,0.028414169039170094,0.7384805068349372
HumVoc,13,ast,1,13,8.333333333333334,0.27790184499045256,0.02341658350744443,0.7384805068349372
HumVoc,13,ast,2,13,16.666666666666668,0.2939857610743687,0.023649265992238704,0.7384805068349372
HumVoc,13,ast,3,13,25.0,0.43999165391570444,0.022784031049990668,0.7384805068349372
HumVoc,13,ast,4,13,33.333333333333336,0.48673984243604496,0.024467849068441728,0.7384805068349372
HumVoc,13,ast,5,13,41.666666666666664,0.5467330138216215,0.0205588610134401,0.7384805068349372
HumVoc,13,ast,6,13,50.0,0.46454178732659734,0.028701349384906066,0.7384805068349372
HumVoc,13,ast,7,13,58.333333333333336,0.418437258943588,0.025181759592108645,0.7384805068349372
HumVoc,13,ast,8,13,66.66666666666667,0.3776754890678941,0.027682271564346463,0.7384805068349372
HumVoc,13,ast,9,13,75.0,0.2925138152986254,0.0271691808527096,0.7384805068349372
HumVoc,13,ast,10,13,83.33333333333333,0.41638235182538985,0.026826831303321346,0.7384805068349372
HumVoc,13,ast,11,13,91.66666666666667,0.4532239911986748,0.023869536022532865,0.7384805068349372
HumVoc,13,ast,12,13,100.0,0.5176405872608403,0.02186832320546305,0.7384805068349372
Song,11,wav2vec2,0,25,0.0,-0.010169552669552665,0.04308992805090806,0.5063564213564213
Song,11,wav2vec2,1,25,4.166666666666667,0.0388997113997114,0.045993401682172884,0.5063564213564213
Song,11,wav2vec2,2,25,8.333333333333334,0.08194444444444446,0.04651426261851146,0.5063564213564213
Song,11,wav2vec2,3,25,12.5,0.0864862914862915,0.04789724921366596,0.5063564213564213
Song,11,wav2vec2,4,25,16.666666666666668,0.09987734487734491,0.048450527786010784,0.5063564213564213
Song,11,wav2vec2,5,25,20.833333333333332,0.1120995670995671,0.04882438142628268,0.5063564213564213
Song,11,wav2vec2,6,25,25.0,0.11217171717171721,0.048859345165629765,0.5063564213564213
Song,11,wav2vec2,7,25,29.166666666666668,0.10714646464646464,0.04991651592041672,0.5063564213564213
Song,11,wav2vec2,8,25,33.333333333333336,0.08634199134199136,0.04924365123738703,0.5063564213564213
Song,11,wav2vec2,9,25,37.5,0.056565656565656576,0.04896002738121676,0.5063564213564213
Song,11,wav2vec2,10,25,41.666666666666664,0.052103174603174617,0.04957748494852286,0.5063564213564213
Song,11,wav2vec2,11,25,45.833333333333336,0.027052669552669568,0.04851497412086808,0.5063564213564213
Song,11,wav2vec2,12,25,50.0,0.034711399711399714,0.048600534532509336,0.5063564213564213
Song,11,wav2vec2,13,25,54.166666666666664,0.03831168831168832,0.04485894857719829,0.5063564213564213
Song,11,wav2vec2,14,25,58.333333333333336,0.06737373737373739,0.04481539781247282,0.5063564213564213
Song,11,wav2vec2,15,25,62.5,0.059137806637806656,0.045990186600536956,0.5063564213564213
Song,11,wav2vec2,16,25,66.66666666666667,0.05145382395382396,0.04788684227555954,0.5063564213564213
Song,11,wav2vec2,17,25,70.83333333333333,0.03673520923520924,0.04763625675347875,0.5063564213564213
Song,11,wav2vec2,18,25,75.0,0.06918831168831172,0.04862384032154859,0.5063564213564213
Song,11,wav2vec2,19,25,79.16666666666667,0.08055194805194807,0.04892933946438301,0.5063564213564213
Song,11,wav2vec2,20,25,83.33333333333333,0.1076731601731602,0.049011624558197915,0.5063564213564213
Song,11,wav2vec2,21,25,87.5,0.12511904761904763,0.047290686809725514,0.5063564213564213
Song,11,wav2vec2,22,25,91.66666666666667,0.17358585858585862,0.03107965738114901,0.5063564213564213
Song,11,wav2vec2,23,25,95.83333333333333,-0.054725829725829754,0.04916993928715238,0.5063564213564213
Song,11,wav2vec2,24,25,100.0,-0.05645382395382396,0.048769687060162756,0.5063564213564213
Song,11,hubert,0,25,0.0,0.01115440115440115,0.046810870179215834,0.5063564213564213
Song,11,hubert,1,25,4.166666666666667,0.027647907647907654,0.04528166790519469,0.5063564213564213
Song,11,hubert,2,25,8.333333333333334,0.07323953823953824,0.04693153972490783,0.5063564213564213
Song,11,hubert,3,25,12.5,0.06786075036075037,0.04760225321695182,0.5063564213564213
Song,11,hubert,4,25,16.666666666666668,0.022698412698412704,0.04648589668874656,0.5063564213564213
Song,11,hubert,5,25,20.833333333333332,0.0041053391053391146,0.046998261001962666,0.5063564213564213
Song,11,hubert,6,25,25.0,0.03741341991341991,0.045451230310585955,0.5063564213564213
Song,11,hubert,7,25,29.166666666666668,0.04915945165945167,0.044167505349749975,0.5063564213564213
Song,11,hubert,8,25,33.333333333333336,0.05410894660894663,0.04325129448398828,0.5063564213564213
Song,11,hubert,9,25,37.5,0.05696248196248197,0.04246544344208195,0.5063564213564213
Song,11,hubert,10,25,41.666666666666664,0.061937229437229444,0.04310835727339275,0.5063564213564213
Song,11,hubert,11,25,45.833333333333336,0.05452020202020204,0.04417161292993698,0.5063564213564213
Song,11,hubert,12,25,50.0,0.04311688311688312,0.045672638289893534,0.5063564213564213
Song,11,hubert,13,25,54.166666666666664,0.06960678210678213,0.04274877334438223,0.5063564213564213
Song,11,hubert,14,25,58.333333333333336,0.07924963924963928,0.04293950741121373,0.5063564213564213
Song,11,hubert,15,25,62.5,0.07294011544011544,0.041464452986197387,0.5063564213564213
Song,11,hubert,16,25,66.66666666666667,0.11390331890331892,0.04192060401460697,0.5063564213564213
Song,11,hubert,17,25,70.83333333333333,0.10756132756132757,0.04365261528441811,0.5063564213564213
Song,11,hubert,18,25,75.0,0.09584776334776336,0.044265478315870084,0.5063564213564213
Song,11,hubert,19,25,79.16666666666667,0.08886724386724389,0.04496710847133225,0.5063564213564213
Song,11,hubert,20,25,83.33333333333333,0.09180375180375183,0.04485870622682951,0.5063564213564213
Song,11,hubert,21,25,87.5,0.08471139971139977,0.04529687208165115,0.5063564213564213
Song,11,hubert,22,25,91.66666666666667,0.05845238095238096,0.044792001205862436,0.5063564213564213
Song,11,hubert,23,25,95.83333333333333,0.03867965367965368,0.04615017404686618,0.5063564213564213
Song,11,hubert,24,25,100.0,0.05215007215007217,0.04802418175196128,0.5063564213564213
Song,11,wavlm,0,13,0.0,0.0643001443001443,0.04790561323926917,0.5063564213564213
Song,11,wavlm,1,13,8.333333333333334,0.07386363636363641,0.04805097699675736,0.5063564213564213
Song,11,wavlm,2,13,16.666666666666668,0.15025613275613275,0.051417677835197316,0.5063564213564213
Song,11,wavlm,3,13,25.0,0.1406962481962482,0.051201645769187565,0.5063564213564213
Song,11,wavlm,4,13,33.333333333333336,0.03443362193362194,0.051324815305342046,0.5063564213564213
Song,11,wavlm,5,13,41.666666666666664,0.016194083694083695,0.049814406108570596,0.5063564213564213
Song,11,wavlm,6,13,50.0,0.04768037518037519,0.04957379268158741,0.5063564213564213
Song,11,wavlm,7,13,58.333333333333336,0.027124819624819628,0.05190505118702183,0.5063564213564213
Song,11,wavlm,8,13,66.66666666666667,0.050887445887445905,0.051097064612677476,0.5063564213564213
Song,11,wavlm,9,13,75.0,0.03715007215007215,0.051250246937857444,0.5063564213564213
Song,11,wavlm,10,13,83.33333333333333,0.04084415584415584,0.05025328237687191,0.5063564213564213
Song,11,wavlm,11,13,91.66666666666667,0.09056637806637809,0.04669473203200794,0.5063564213564213
Song,11,wavlm,12,13,100.0,0.1225865800865801,0.04119857784297379,0.5063564213564213
Song,11,whisper,0,7,0.0,0.022424242424242433,0.03603894587227602,0.5063564213564213
Song,11,whisper,1,7,16.666666666666668,0.032492784992785004,0.046930908463441154,0.5063564213564213
Song,11,whisper,2,7,33.333333333333336,0.10049422799422802,0.044663859235099405,0.5063564213564213
Song,11,whisper,3,7,50.0,0.161002886002886,0.050221515169974314,0.5063564213564213
Song,11,whisper,4,7,66.66666666666667,0.12055194805194809,0.0486939045929921,0.5063564213564213
Song,11,whisper,5,7,83.33333333333333,0.21848124098124103,0.04886754330956204,0.5063564213564213
Song,11,whisper,6,7,100.0,0.1603535353535354,0.04760196457871875,0.5063564213564213
Song,11,ast,0,13,0.0,0.07224386724386726,0.04474448900834794,0.5063564213564213
Song,11,ast,1,13,8.333333333333334,0.09799062049062054,0.04045295122268114,0.5063564213564213
Song,11,ast,2,13,16.666666666666668,0.1206854256854257,0.04227153023124396,0.5063564213564213
Song,11,ast,3,13,25.0,0.16582972582972583,0.04434435432855957,0.5063564213564213
Song,11,ast,4,13,33.333333333333336,0.15915584415584422,0.04038000365232053,0.5063564213564213
Song,11,ast,5,13,41.666666666666664,0.11505411255411258,0.0363653780179637,0.5063564213564213
Song,11,ast,6,13,50.0,0.10248556998557001,0.035179234266079586,0.5063564213564213
Song,11,ast,7,13,58.333333333333336,0.08765873015873019,0.03138828355547274,0.5063564213564213
Song,11,ast,8,13,66.66666666666667,0.09073593073593075,0.030792995410768347,0.5063564213564213
Song,11,ast,9,13,75.0,0.07785714285714287,0.03206932110668726,0.5063564213564213
Song,11,ast,10,13,83.33333333333333,0.03510101010101009,0.0339444648365378,0.5063564213564213
Song,11,ast,11,13,91.66666666666667,0.03277056277056277,0.03961256408235813,0.5063564213564213
Song,11,ast,12,13,100.0,0.014098124098124106,0.03600221875502732,0.5063564213564213
EngSpeech,10,wav2vec2,0,25,0.0,0.5323715415019763,0.023588723652252296,0.7594005270092227
EngSpeech,10,wav2vec2,1,25,4.166666666666667,0.4636890645586297,0.02597611740922277,0.7594005270092227
EngSpeech,10,wav2vec2,2,25,8.333333333333334,0.4465612648221343,0.026799861029099932,0.7594005270092227
EngSpeech,10,wav2vec2,3,25,12.5,0.39183135704874833,0.02532709228617667,0.7594005270092227
EngSpeech,10,wav2vec2,4,25,16.666666666666668,0.4229314888010539,0.025690966110873126,0.7594005270092227
EngSpeech,10,wav2vec2,5,25,20.833333333333332,0.44769433465085634,0.026308763207831636,0.7594005270092227
EngSpeech,10,wav2vec2,6,25,25.0,0.45186429512516463,0.023222509205470098,0.7594005270092227
EngSpeech,10,wav2vec2,7,25,29.166666666666668,0.482859025032938,0.022630192569700305,0.7594005270092227
EngSpeech,10,wav2vec2,8,25,33.333333333333336,0.45345191040843214,0.02225208006644716,0.7594005270092227
EngSpeech,10,wav2vec2,9,25,37.5,0.4597430830039525,0.02270647021076567,0.7594005270092227
EngSpeech,10,wav2vec2,10,25,41.666666666666664,0.48081027667984183,0.021022416342510272,0.7594005270092227
EngSpeech,10,wav2vec2,11,25,45.833333333333336,0.45119894598155463,0.024917608851208313,0.7594005270092227
EngSpeech,10,wav2vec2,12,25,50.0,0.46527667984189713,0.024687640157888584,0.7594005270092227
EngSpeech,10,wav2vec2,13,25,54.166666666666664,0.4895849802371541,0.022319868169595414,0.7594005270092227
EngSpeech,10,wav2vec2,14,25,58.333333333333336,0.4398089591567852,0.017955685000326512,0.7594005270092227
EngSpeech,10,wav2vec2,15,25,62.5,0.3861133069828721,0.015333909983864672,0.7594005270092227
EngSpeech,10,wav2vec2,16,25,66.66666666666667,0.3196113306982872,0.01716434275445801,0.7594005270092227
EngSpeech,10,wav2vec2,17,25,70.83333333333333,0.3350461133069828,0.016536962762839672,0.7594005270092227
EngSpeech,10,wav2vec2,18,25,75.0,0.2840579710144927,0.01865318209709451,0.7594005270092227
EngSpeech,10,wav2vec2,19,25,79.16666666666667,0.35309617918313563,0.021279756637418216,0.7594005270092227
EngSpeech,10,wav2vec2,20,25,83.33333333333333,0.4351646903820816,0.02226411240145019,0.7594005270092227
EngSpeech,10,wav2vec2,21,25,87.5,0.5085309617918313,0.024298968968040523,0.7594005270092227
EngSpeech,10,wav2vec2,22,25,91.66666666666667,0.6117061923583662,0.023743459896770926,0.7594005270092227
EngSpeech,10,wav2vec2,23,25,95.83333333333333,0.46488142292490114,0.021873993517403812,0.7594005270092227
EngSpeech,10,wav2vec2,24,25,100.0,0.4664229249011857,0.02196162463132841,0.7594005270092227
EngSpeech,10,hubert,0,25,0.0,0.3430105401844532,0.019811535323014943,0.7594005270092227
EngSpeech,10,hubert,1,25,4.166666666666667,0.37909749670619225,0.02492170381127331,0.7594005270092227
EngSpeech,10,hubert,2,25,8.333333333333334,0.34449934123847165,0.02716267794377703,0.7594005270092227
EngSpeech,10,hubert,3,25,12.5,0.36469038208168636,0.027721129380262593,0.7594005270092227
EngSpeech,10,hubert,4,25,16.666666666666668,0.35692358366271404,0.02659838206394527,0.7594005270092227
EngSpeech,10,hubert,5,25,20.833333333333332,0.3203886693017128,0.025969375028389013,0.7594005270092227
EngSpeech,10,hubert,6,25,25.0,0.38557312252964426,0.02401444415009735,0.7594005270092227
EngSpeech,10,hubert,7,25,29.166666666666668,0.46679841897233204,0.022106954976159658,0.7594005270092227
EngSpeech,10,hubert,8,25,33.333333333333336,0.4554150197628458,0.022090327828928513,0.7594005270092227
EngSpeech,10,hubert,9,25,37.5,0.4516534914361001,0.02032089505381142,0.7594005270092227
EngSpeech,10,hubert,10,25,41.666666666666664,0.41787220026350463,0.021462740851668414,0.7594005270092227
EngSpeech,10,hubert,11,25,45.833333333333336,0.41511857707509875,0.019786061936297436,0.7594005270092227
EngSpeech,10,hubert,12,25,50.0,0.4062252964426877,0.018435007256981533,0.7594005270092227
EngSpeech,10,hubert,13,25,54.166666666666664,0.4319038208168643,0.015621127382089876,0.7594005270092227
EngSpeech,10,hubert,14,25,58.333333333333336,0.44198287220026344,0.01470086309922848,0.7594005270092227
EngSpeech,10,hubert,15,25,62.5,0.450197628458498,0.017542870862276284,0.7594005270092227
EngSpeech,10,hubert,16,25,66.66666666666667,0.45090250329380754,0.018736461977457437,0.7594005270092227
EngSpeech,10,hubert,17,25,70.83333333333333,0.4783926218708826,0.018447858603070296,0.7594005270092227
EngSpeech,10,hubert,18,25,75.0,0.4689723320158102,0.019167942024711372,0.7594005270092227
EngSpeech,10,hubert,19,25,79.16666666666667,0.43841897233201566,0.02425363793070763,0.7594005270092227
EngSpeech,10,hubert,20,25,83.33333333333333,0.43966403162055334,0.02471013753288636,0.7594005270092227
EngSpeech,10,hubert,21,25,87.5,0.4470355731225297,0.02129799984392168,0.7594005270092227
EngSpeech,10,hubert,22,25,91.66666666666667,0.4264558629776021,0.020446150454459817,0.7594005270092227
EngSpeech,10,hubert,23,25,95.83333333333333,0.29141633728590244,0.014659604864291595,0.7594005270092227
EngSpeech,10,hubert,24,25,100.0,0.09423583662714095,0.016269100130384417,0.7594005270092227
EngSpeech,10,wavlm,0,13,0.0,0.3220289855072463,0.020894276471089046,0.7594005270092227
EngSpeech,10,wavlm,1,13,8.333333333333334,0.5482213438735177,0.021107401968371988,0.7594005270092227
EngSpeech,10,wavlm,2,13,16.666666666666668,0.36518445322793147,0.027234033176552007,0.7594005270092227
EngSpeech,10,wavlm,3,13,25.0,0.2935375494071146,0.026860418854965512,0.7594005270092227
EngSpeech,10,wavlm,4,13,33.333333333333336,0.3160803689064558,0.027173439991847965,0.7594005270092227
EngSpeech,10,wavlm,5,13,41.666666666666664,0.1395454545454545,0.026212851058253425,0.7594005270092227
EngSpeech,10,wavlm,6,13,50.0,0.15718708827404476,0.026056875478870836,0.7594005270092227
EngSpeech,10,wavlm,7,13,58.333333333333336,0.10463109354413702,0.02296352013500578,0.7594005270092227
EngSpeech,10,wavlm,8,13,66.66666666666667,0.12504611330698284,0.022118448953983065,0.7594005270092227
EngSpeech,10,wavlm,9,13,75.0,0.1115349143610013,0.023569126111608992,0.7594005270092227
EngSpeech,10,wavlm,10,13,83.33333333333333,0.19050065876152833,0.02161173257761633,0.7594005270092227
EngSpeech,10,wavlm,11,13,91.66666666666667,0.16009222661396577,0.020525038095369645,0.7594005270092227
EngSpeech,10,wavlm,12,13,100.0,0.33185770750988136,0.022228137863440613,0.7594005270092227
EngSpeech,10,whisper,0,7,0.0,-0.03988801054018445,0.026723932429038033,0.7594005270092227
EngSpeech,10,whisper,1,7,16.666666666666668,0.21969696969696964,0.02949297700943532,0.7594005270092227
EngSpeech,10,whisper,2,7,33.333333333333336,0.43486824769433463,0.023022769786852842,0.7594005270092227
EngSpeech,10,whisper,3,7,50.0,0.30994729907773383,0.01788285347981576,0.7594005270092227
EngSpeech,10,whisper,4,7,66.66666666666667,0.33196310935441364,0.01910758798982311,0.7594005270092227
EngSpeech,10,whisper,5,7,83.33333333333333,0.44443346508563897,0.018425997769415763,0.7594005270092227
EngSpeech,10,whisper,6,7,100.0,0.18419631093544137,0.02005852927646485,0.7594005270092227
EngSpeech,10,ast,0,13,0.0,0.09320816864295123,0.039141491349401564,0.7594005270092227
EngSpeech,10,ast,1,13,8.333333333333334,0.4988471673254281,0.022281270798386217,0.7594005270092227
EngSpeech,10,ast,2,13,16.666666666666668,0.4669762845849802,0.021991670827664473,0.7594005270092227
EngSpeech,10,ast,3,13,25.0,0.4958300395256918,0.02268394264965524,0.7594005270092227
EngSpeech,10,ast,4,13,33.333333333333336,0.566824769433465,0.02319798501636967,0.7594005270092227
EngSpeech,10,ast,5,13,41.666666666666664,0.6305467720685111,0.02700325555933805,0.7594005270092227
EngSpeech,10,ast,6,13,50.0,0.4491436100131751,0.025544932204922408,0.7594005270092227
EngSpeech,10,ast,7,13,58.333333333333336,0.5179907773386033,0.024703560964334147,0.7594005270092227
EngSpeech,10,ast,8,13,66.66666666666667,0.5500197628458499,0.026285844556670337,0.7594005270092227
EngSpeech,10,ast,9,13,75.0,0.5492490118577075,0.03137064000694998,0.7594005270092227
EngSpeech,10,ast,10,13,83.33333333333333,0.5369433465085638,0.03038272669874472,0.7594005270092227
EngSpeech,10,ast,11,13,91.66666666666667,0.5545125164690381,0.030389546565461195,0.7594005270092227
EngSpeech,10,ast,12,13,100.0,0.5243741765480896,0.030225754165277178,0.7594005270092227
AniVoc,10,wav2vec2,0,25,0.0,0.46369565217391295,0.0353316139544476,0.6973386034255599
AniVoc,10,wav2vec2,1,25,4.166666666666667,0.44988801054018446,0.03420576976047742,0.6973386034255599
AniVoc,10,wav2vec2,2,25,8.333333333333334,0.47064558629776015,0.03467802225783853,0.6973386034255599
AniVoc,10,wav2vec2,3,25,12.5,0.4776021080368906,0.03359489491587926,0.6973386034255599
AniVoc,10,wav2vec2,4,25,16.666666666666668,0.48071146245059293,0.034496957934727214,0.6973386034255599
AniVoc,10,wav2vec2,5,25,20.833333333333332,0.48747035573122527,0.03503345312736724,0.6973386034255599
AniVoc,10,wav2vec2,6,25,25.0,0.5029776021080369,0.03348545982049794,0.6973386034255599
AniVoc,10,wav2vec2,7,25,29.166666666666668,0.4867852437417654,0.032829075729021724,0.6973386034255599
AniVoc,10,wav2vec2,8,25,33.333333333333336,0.47922266139657427,0.03032170217340207,0.6973386034255599
AniVoc,10,wav2vec2,9,25,37.5,0.5079051383399209,0.0259948017815143,0.6973386034255599
AniVoc,10,wav2vec2,10,25,41.666666666666664,0.42926218708827396,0.019159495116786256,0.6973386034255599
AniVoc,10,wav2vec2,11,25,45.833333333333336,0.4643083003952569,0.024842751229947103,0.6973386034255599
AniVoc,10,wav2vec2,12,25,50.0,0.4861264822134387,0.025469367221814518,0.6973386034255599
AniVoc,10,wav2vec2,13,25,54.166666666666664,0.5027206851119893,0.02609666851334635,0.6973386034255599
AniVoc,10,wav2vec2,14,25,58.333333333333336,0.5129249011857706,0.025710338906156986,0.6973386034255599
AniVoc,10,wav2vec2,15,25,62.5,0.5455401844532279,0.028900549501811795,0.6973386034255599
AniVoc,10,wav2vec2,16,25,66.66666666666667,0.5559156785243741,0.02892356222923057,0.6973386034255599
AniVoc,10,wav2vec2,17,25,70.83333333333333,0.5891436100131752,0.028543749934261394,0.6973386034255599
AniVoc,10,wav2vec2,18,25,75.0,0.5540316205533596,0.031765548484727686,0.6973386034255599
AniVoc,10,wav2vec2,19,25,79.16666666666667,0.5520553359683794,0.03249780490623007,0.6973386034255599
AniVoc,10,wav2vec2,20,25,83.33333333333333,0.5383069828722002,0.033448254560812275,0.6973386034255599
AniVoc,10,wav2vec2,21,25,87.5,0.5463899868247695,0.033217541151808236,0.6973386034255599
AniVoc,10,wav2vec2,22,25,91.66666666666667,0.527536231884058,0.03929896022107645,0.6973386034255599
AniVoc,10,wav2vec2,23,25,95.83333333333333,0.2625296442687747,0.031200302949254084,0.6973386034255599
AniVoc,10,wav2vec2,24,25,100.0,0.24364295125164687,0.030217853287260933,0.6973386034255599
AniVoc,10,hubert,0,25,0.0,0.43368906455862966,0.03353243527092148,0.6973386034255599
AniVoc,10,hubert,1,25,4.166666666666667,0.441699604743083,0.03440067387545561,0.6973386034255599
AniVoc,10,hubert,2,25,8.333333333333334,0.46310276679841883,0.03354068339889751,0.6973386034255599
AniVoc,10,hubert,3,25,12.5,0.48377470355731217,0.03269140457921179,0.6973386034255599
AniVoc,10,hubert,4,25,16.666666666666668,0.5127272727272726,0.03291892710118808,0.6973386034255599
AniVoc,10,hubert,5,25,20.833333333333332,0.5140052700922265,0.032631829343012814,0.6973386034255599
AniVoc,10,hubert,6,25,25.0,0.4971870882740447,0.030297568685314864,0.6973386034255599
AniVoc,10,hubert,7,25,29.166666666666668,0.4879117259552042,0.029489985026677285,0.6973386034255599
AniVoc,10,hubert,8,25,33.333333333333336,0.4755401844532279,0.0270936224550015,0.6973386034255599
AniVoc,10,hubert,9,25,37.5,0.46100790513833995,0.027989094704793653,0.6973386034255599
AniVoc,10,hubert,10,25,41.666666666666664,0.44858366271409755,0.025828289347850177,0.6973386034255599
AniVoc,10,hubert,11,25,45.833333333333336,0.4003359683794466,0.02575126487546217,0.6973386034255599
AniVoc,10,hubert,12,25,50.0,0.39098155467720686,0.02538352898222772,0.6973386034255599
AniVoc,10,hubert,13,25,54.166666666666664,0.3284321475625823,0.019168988451736094,0.6973386034255599
AniVoc,10,hubert,14,25,58.333333333333336,0.291824769433465,0.015862845351061947,0.6973386034255599
AniVoc,10,hubert,15,25,62.5,0.30761528326745713,0.015283218438548962,0.6973386034255599
AniVoc,10,hubert,16,25,66.66666666666667,0.2948089591567852,0.01393674186226794,0.6973386034255599
AniVoc,10,hubert,17,25,70.83333333333333,0.2939262187088274,0.017163644462630887,0.6973386034255599
AniVoc,10,hubert,18,25,75.0,0.30587615283267455,0.019153656431347223,0.6973386034255599
AniVoc,10,hubert,19,25,79.16666666666667,0.3273254281949934,0.019684553329460404,0.6973386034255599
AniVoc,10,hubert,20,25,83.33333333333333,0.30683794466403164,0.02028621850000715,0.6973386034255599
AniVoc,10,hubert,21,25,87.5,0.27418313570487485,0.018346624592209978,0.6973386034255599
AniVoc,10,hubert,22,25,91.66666666666667,0.2571739130434783,0.020983284596506578,0.6973386034255599
AniVoc,10,hubert,23,25,95.83333333333333,0.19492753623188405,0.016115315149109903,0.6973386034255599
AniVoc,10,hubert,24,25,100.0,0.20622529644268775,0.01731203257106434,0.6973386034255599
AniVoc,10,wavlm,0,13,0.0,0.39888669301712776,0.032155119085784466,0.6973386034255599
AniVoc,10,wavlm,1,13,8.333333333333334,0.5426284584980237,0.03250030065674818,0.6973386034255599
AniVoc,10,wavlm,2,13,16.666666666666668,0.5231554677206851,0.02920326865054999,0.6973386034255599
AniVoc,10,wavlm,3,13,25.0,0.5309683794466402,0.026812519289851088,0.6973386034255599
AniVoc,10,wavlm,4,13,33.333333333333336,0.48438735177865616,0.02666825134053526,0.6973386034255599
AniVoc,10,wavlm,5,13,41.666666666666664,0.459973649538867,0.023552299066324545,0.6973386034255599
AniVoc,10,wavlm,6,13,50.0,0.4344664031620553,0.024291426447458016,0.6973386034255599
AniVoc,10,wavlm,7,13,58.333333333333336,0.44592885375494057,0.023973065502170106,0.6973386034255599
AniVoc,10,wavlm,8,13,66.66666666666667,0.434064558629776,0.022131430724617027,0.6973386034255599
AniVoc,10,wavlm,9,13,75.0,0.41600131752305664,0.0215260011893699,0.6973386034255599
AniVoc,10,wavlm,10,13,83.33333333333333,0.42512516469038203,0.021800224516686912,0.6973386034255599
AniVoc,10,wavlm,11,13,91.66666666666667,0.42899209486166,0.021713846342933826,0.6973386034255599
AniVoc,10,wavlm,12,13,100.0,0.4946772068511197,0.02051050083288942,0.6973386034255599
AniVoc,10,whisper,0,7,0.0,-0.02851778656126482,0.03129095065961682,0.6973386034255599
AniVoc,10,whisper,1,7,16.666666666666668,0.42974967061923575,0.0352401293767044,0.6973386034255599
AniVoc,10,whisper,2,7,33.333333333333336,0.4756389986824769,0.03194298674070126,0.6973386034255599
AniVoc,10,whisper,3,7,50.0,0.5087417654808958,0.02897059187669034,0.6973386034255599
AniVoc,10,whisper,4,7,66.66666666666667,0.5211264822134388,0.02757459991063709,0.6973386034255599
AniVoc,10,whisper,5,7,83.33333333333333,0.5092753623188406,0.026477530453205955,0.6973386034255599
AniVoc,10,whisper,6,7,100.0,0.46826086956521723,0.024901579997238923,0.6973386034255599
AniVoc,10,ast,0,13,0.0,0.018722002635046107,0.02668455579916562,0.6973386034255599
AniVoc,10,ast,1,13,8.333333333333334,0.37451251646903816,0.04176645264809895,0.6973386034255599
AniVoc,10,ast,2,13,16.666666666666668,0.3951778656126482,0.04221111424157918,0.6973386034255599
AniVoc,10,ast,3,13,25.0,0.3817523056653492,0.0401699186269844,0.6973386034255599
AniVoc,10,ast,4,13,33.333333333333336,0.44486166007905126,0.04033195596730155,0.6973386034255599
AniVoc,10,ast,5,13,41.666666666666664,0.39708168642951247,0.03575677714434391,0.6973386034255599
AniVoc,10,ast,6,13,50.0,0.37788537549407114,0.02431452691910611,0.6973386034255599
AniVoc,10,ast,7,13,58.333333333333336,0.3623188405797101,0.028057058126891056,0.6973386034255599
AniVoc,10,ast,8,13,66.66666666666667,0.37796442687747034,0.03239078197702311,0.6973386034255599
AniVoc,10,ast,9,13,75.0,0.2863109354413702,0.034534748970493766,0.6973386034255599
AniVoc,10,ast,10,13,83.33333333333333,0.49766798418972324,0.03677589474155884,0.6973386034255599
AniVoc,10,ast,11,13,91.66666666666667,0.45154150197628456,0.037552586553665494,0.6973386034255599
AniVoc,10,ast,12,13,100.0,0.3584189723320158,0.04053948504196296,0.6973386034255599
ForSpeech,7,wav2vec2,0,25,0.0,-0.0725974025974026,0.05337529289386263,0.1933116883116883
ForSpeech,7,wav2vec2,1,25,4.166666666666667,-0.02551948051948052,0.045961364982367775,0.1933116883116883
ForSpeech,7,wav2vec2,2,25,8.333333333333334,-0.023961038961038968,0.04554092709911743,0.1933116883116883
ForSpeech,7,wav2vec2,3,25,12.5,-0.04188311688311688,0.04743015285384411,0.1933116883116883
ForSpeech,7,wav2vec2,4,25,16.666666666666668,-0.07071428571428572,0.050442773693575825,0.1933116883116883
ForSpeech,7,wav2vec2,5,25,20.833333333333332,-0.06831168831168832,0.05240370907505195,0.1933116883116883
ForSpeech,7,wav2vec2,6,25,25.0,-0.06422077922077922,0.05597319931258893,0.1933116883116883
ForSpeech,7,wav2vec2,7,25,29.166666666666668,-0.06662337662337661,0.05381546974431514,0.1933116883116883
ForSpeech,7,wav2vec2,8,25,33.333333333333336,-0.046753246753246755,0.04823660736974937,0.1933116883116883
ForSpeech,7,wav2vec2,9,25,37.5,-0.036103896103896096,0.049067848200196634,0.1933116883116883
ForSpeech,7,wav2vec2,10,25,41.666666666666664,0.016753246753246763,0.06300078067571133,0.1933116883116883
ForSpeech,7,wav2vec2,11,25,45.833333333333336,0.0043506493506493505,0.061685633283581565,0.1933116883116883
ForSpeech,7,wav2vec2,12,25,50.0,-0.03,0.04680219773542048,0.1933116883116883
ForSpeech,7,wav2vec2,13,25,54.166666666666664,-0.007402597402597408,0.05105791539293697,0.1933116883116883
ForSpeech,7,wav2vec2,14,25,58.333333333333336,0.07545454545454544,0.056855199346519066,0.1933116883116883
ForSpeech,7,wav2vec2,15,25,62.5,0.11961038961038961,0.06269611710336874,0.1933116883116883
ForSpeech,7,wav2vec2,16,25,66.66666666666667,0.10857142857142857,0.06112146661374231,0.1933116883116883
ForSpeech,7,wav2vec2,17,25,70.83333333333333,0.12668831168831168,0.06114405192418297,0.1933116883116883
ForSpeech,7,wav2vec2,18,25,75.0,0.09564935064935066,0.06544802687273134,0.1933116883116883
ForSpeech,7,wav2vec2,19,25,79.16666666666667,0.055584415584415584,0.06294239881169705,0.1933116883116883
ForSpeech,7,wav2vec2,20,25,83.33333333333333,-0.04311688311688312,0.06160797013088983,0.1933116883116883
ForSpeech,7,wav2vec2,21,25,87.5,-0.04590909090909091,0.05781568678332724,0.1933116883116883
ForSpeech,7,wav2vec2,22,25,91.66666666666667,-0.0790909090909091,0.053317967481964684,0.1933116883116883
ForSpeech,7,wav2vec2,23,25,95.83333333333333,-0.12727272727272726,0.05145088478019104,0.1933116883116883
ForSpeech,7,wav2vec2,24,25,100.0,-0.11941558441558442,0.056621657981530606,0.1933116883116883
ForSpeech,7,hubert,0,25,0.0,0.08162337662337663,0.05049666550950649,0.1933116883116883
ForSpeech,7,hubert,1,25,4.166666666666667,0.10980519480519482,0.04180150160025446,0.1933116883116883
ForSpeech,7,hubert,2,25,8.333333333333334,0.09383116883116883,0.04753540651432643,0.1933116883116883
ForSpeech,7,hubert,3,25,12.5,0.0887012987012987,0.05213109412946936,0.1933116883116883
ForSpeech,7,hubert,4,25,16.666666666666668,0.09896103896103896,0.0579943855013415,0.1933116883116883
ForSpeech,7,hubert,5,25,20.833333333333332,0.08629870129870129,0.058641147373271515,0.1933116883116883
ForSpeech,7,hubert,6,25,25.0,0.042922077922077924,0.059360996703419225,0.1933116883116883
ForSpeech,7,hubert,7,25,29.166666666666668,0.04025974025974026,0.05818078067622946,0.1933116883116883
ForSpeech,7,hubert,8,25,33.333333333333336,0.05538961038961038,0.056616703611386175,0.1933116883116883
ForSpeech,7,hubert,9,25,37.5,0.07642857142857143,0.06162444259936128,0.1933116883116883
ForSpeech,7,hubert,10,25,41.666666666666664,0.06733766233766234,0.06307980389523672,0.1933116883116883
ForSpeech,7,hubert,11,25,45.833333333333336,0.03467532467532467,0.06512379272566804,0.1933116883116883
ForSpeech,7,hubert,12,25,50.0,0.05870129870129871,0.05505930857647163,0.1933116883116883
ForSpeech,7,hubert,13,25,54.166666666666664,0.10785714285714285,0.04721862209489871,0.1933116883116883
ForSpeech,7,hubert,14,25,58.333333333333336,0.1037012987012987,0.05048558931866428,0.1933116883116883
ForSpeech,7,hubert,15,25,62.5,0.10772727272727271,0.05426427829333007,0.1933116883116883
ForSpeech,7,hubert,16,25,66.66666666666667,0.09772727272727272,0.05323056911906501,0.1933116883116883
ForSpeech,7,hubert,17,25,70.83333333333333,0.10493506493506495,0.055472111077252154,0.1933116883116883
ForSpeech,7,hubert,18,25,75.0,0.10850649350649351,0.05367750636052298,0.1933116883116883
ForSpeech,7,hubert,19,25,79.16666666666667,0.1087012987012987,0.059356407449769485,0.1933116883116883
ForSpeech,7,hubert,20,25,83.33333333333333,0.0875974025974026,0.05913678336188212,0.1933116883116883
ForSpeech,7,hubert,21,25,87.5,0.018376623376623373,0.058018846044601106,0.1933116883116883
ForSpeech,7,hubert,22,25,91.66666666666667,-0.00831168831168831,0.05848713951184445,0.1933116883116883
ForSpeech,7,hubert,23,25,95.83333333333333,0.12636363636363637,0.05308488642164432,0.1933116883116883
ForSpeech,7,hubert,24,25,100.0,0.24259740259740264,0.05575543350318151,0.1933116883116883
ForSpeech,7,wavlm,0,13,0.0,0.0716233766233766,0.053913541307839305,0.1933116883116883
ForSpeech,7,wavlm,1,13,8.333333333333334,0.002207792207792207,0.0570928212552101,0.1933116883116883
ForSpeech,7,wavlm,2,13,16.666666666666668,0.1574025974025974,0.07159885252041291,0.1933116883116883
ForSpeech,7,wavlm,3,13,25.0,0.2027922077922078,0.06069559732993117,0.1933116883116883
ForSpeech,7,wavlm,4,13,33.333333333333336,0.1994155844155844,0.06185988838482308,0.1933116883116883
ForSpeech,7,wavlm,5,13,41.666666666666664,0.12883116883116882,0.06712160098030756,0.1933116883116883
ForSpeech,7,wavlm,6,13,50.0,0.17577922077922076,0.0696794652097949,0.1933116883116883
ForSpeech,7,wavlm,7,13,58.333333333333336,0.21655844155844156,0.07153381142972712,0.1933116883116883
ForSpeech,7,wavlm,8,13,66.66666666666667,0.2176623376623376,0.07152093698686811,0.1933116883116883
ForSpeech,7,wavlm,9,13,75.0,0.20162337662337665,0.0677635430293476,0.1933116883116883
ForSpeech,7,wavlm,10,13,83.33333333333333,0.2163636363636363,0.06672245433982425,0.1933116883116883
ForSpeech,7,wavlm,11,13,91.66666666666667,0.2198051948051948,0.06984613083813737,0.1933116883116883
ForSpeech,7,wavlm,12,13,100.0,0.19227272727272726,0.057335897371020475,0.1933116883116883
ForSpeech,7,whisper,0,7,0.0,0.08545454545454546,0.05496273030900718,0.1933116883116883
ForSpeech,7,whisper,1,7,16.666666666666668,0.11110389610389608,0.05034210004161292,0.1933116883116883
ForSpeech,7,whisper,2,7,33.333333333333336,0.1255844155844156,0.04930233811880495,0.1933116883116883
ForSpeech,7,whisper,3,7,50.0,0.02415584415584416,0.06273323738427097,0.1933116883116883
ForSpeech,7,whisper,4,7,66.66666666666667,0.03980519480519481,0.08310370682256743,0.1933116883116883
ForSpeech,7,whisper,5,7,83.33333333333333,0.008051948051948041,0.0745864786934,0.1933116883116883
ForSpeech,7,whisper,6,7,100.0,0.025064935064935068,0.04833800244715972,0.1933116883116883
ForSpeech,7,ast,0,13,0.0,-0.05993506493506493,0.06392885999156576,0.1933116883116883
ForSpeech,7,ast,1,13,8.333333333333334,0.20090909090909087,0.052380894949588995,0.1933116883116883
ForSpeech,7,ast,2,13,16.666666666666668,0.20344155844155845,0.06280302171428073,0.1933116883116883
ForSpeech,7,ast,3,13,25.0,0.19870129870129868,0.0668408642227103,0.1933116883116883
ForSpeech,7,ast,4,13,33.333333333333336,0.16181818181818178,0.0647832401440895,0.1933116883116883
ForSpeech,7,ast,5,13,41.666666666666664,0.1738961038961039,0.06296124509033706,0.1933116883116883
ForSpeech,7,ast,6,13,50.0,0.12201298701298705,0.07075827133888743,0.1933116883116883
ForSpeech,7,ast,7,13,58.333333333333336,0.1027922077922078,0.06930550619577723,0.1933116883116883
ForSpeech,7,ast,8,13,66.66666666666667,0.10545454545454544,0.06886589098291312,0.1933116883116883
ForSpeech,7,ast,9,13,75.0,0.11448051948051947,0.07229360468674825,0.1933116883116883
ForSpeech,7,ast,10,13,83.33333333333333,0.14103896103896102,0.07211990057989033,0.1933116883116883
ForSpeech,7,ast,11,13,91.66666666666667,0.10545454545454547,0.07475439957272957,0.1933116883116883
ForSpeech,7,ast,12,13,100.0,0.11357142857142857,0.08073227647146922,0.1933116883116883
AniNonVoc,5,wav2vec2,0,25,0.0,0.6424242424242423,0.06489750565618353,0.6399999999999999
AniNonVoc,5,wav2vec2,1,25,4.166666666666667,0.6606060606060605,0.06665216603209237,0.6399999999999999
AniNonVoc,5,wav2vec2,2,25,8.333333333333334,0.6303030303030303,0.06907076009395366,0.6399999999999999
AniNonVoc,5,wav2vec2,3,25,12.5,0.656969696969697,0.06460252360968295,0.6399999999999999
AniNonVoc,5,wav2vec2,4,25,16.666666666666668,0.6103030303030301,0.06432166879823623,0.6399999999999999
AniNonVoc,5,wav2vec2,5,25,20.833333333333332,0.6103030303030301,0.06432166879823623,0.6399999999999999
AniNonVoc,5,wav2vec2,6,25,25.0,0.592121212121212,0.06364486918171337,0.6399999999999999
AniNonVoc,5,wav2vec2,7,25,29.166666666666668,0.6157575757575756,0.06694215950037234,0.6399999999999999
AniNonVoc,5,wav2vec2,8,25,33.333333333333336,0.6387878787878787,0.06405256166493814,0.6399999999999999
AniNonVoc,5,wav2vec2,9,25,37.5,0.6036363636363637,0.06042780804012617,0.6399999999999999
AniNonVoc,5,wav2vec2,10,25,41.666666666666664,0.3048484848484848,0.06391160949494619,0.6399999999999999
AniNonVoc,5,wav2vec2,11,25,45.833333333333336,0.3563636363636363,0.06353922866873118,0.6399999999999999
AniNonVoc,5,wav2vec2,12,25,50.0,0.48727272727272714,0.05831125951997484,0.6399999999999999
AniNonVoc,5,wav2vec2,13,25,54.166666666666664,0.3721212121212121,0.06344605857614265,0.6399999999999999
AniNonVoc,5,wav2vec2,14,25,58.333333333333336,0.3745454545454545,0.06317612869712934,0.6399999999999999
AniNonVoc,5,wav2vec2,15,25,62.5,0.3745454545454545,0.06317612869712934,0.6399999999999999
AniNonVoc,5,wav2vec2,16,25,66.66666666666667,0.3466666666666667,0.06472091672345451,0.6399999999999999
AniNonVoc,5,wav2vec2,17,25,70.83333333333333,0.3466666666666667,0.06472091672345451,0.6399999999999999
AniNonVoc,5,wav2vec2,18,25,75.0,0.5569696969696969,0.06360962451824247,0.6399999999999999
AniNonVoc,5,wav2vec2,19,25,79.16666666666667,0.5709090909090908,0.05831987872755541,0.6399999999999999
AniNonVoc,5,wav2vec2,20,25,83.33333333333333,0.635151515151515,0.06105036501753173,0.6399999999999999
AniNonVoc,5,wav2vec2,21,25,87.5,0.5096969696969696,0.06261101493309773,0.6399999999999999
AniNonVoc,5,wav2vec2,22,25,91.66666666666667,0.2690909090909091,0.05628005670533556,0.6399999999999999
AniNonVoc,5,wav2vec2,23,25,95.83333333333333,0.3963636363636363,0.06212202901396218,0.6399999999999999
AniNonVoc,5,wav2vec2,24,25,100.0,0.36484848484848487,0.060882305043588957,0.6399999999999999
AniNonVoc,5,hubert,0,25,0.0,0.6642424242424243,0.06468625835305916,0.6399999999999999
AniNonVoc,5,hubert,1,25,4.166666666666667,0.6121212121212121,0.06857356887509473,0.6399999999999999
AniNonVoc,5,hubert,2,25,8.333333333333334,0.5775757575757574,0.06782109076688754,0.6399999999999999
AniNonVoc,5,hubert,3,25,12.5,0.5606060606060606,0.063227974909639,0.6399999999999999
AniNonVoc,5,hubert,4,25,16.666666666666668,0.5272727272727272,0.06335702341513758,0.6399999999999999
AniNonVoc,5,hubert,5,25,20.833333333333332,0.45090909090909087,0.06397706321383101,0.6399999999999999
AniNonVoc,5,hubert,6,25,25.0,0.3957575757575757,0.05782636636723708,0.6399999999999999
AniNonVoc,5,hubert,7,25,29.166666666666668,0.27939393939393936,0.05438910784297676,0.6399999999999999
AniNonVoc,5,hubert,8,25,33.333333333333336,0.27939393939393936,0.05438910784297676,0.6399999999999999
AniNonVoc,5,hubert,9,25,37.5,0.2612121212121212,0.05759992777316796,0.6399999999999999
AniNonVoc,5,hubert,10,25,41.666666666666664,0.2612121212121212,0.05759992777316796,0.6399999999999999
AniNonVoc,5,hubert,11,25,45.833333333333336,0.3624242424242424,0.06099650943028974,0.6399999999999999
AniNonVoc,5,hubert,12,25,50.0,0.3624242424242424,0.06099650943028974,0.6399999999999999
AniNonVoc,5,hubert,13,25,54.166666666666664,0.3624242424242424,0.06099650943028974,0.6399999999999999
AniNonVoc,5,hubert,14,25,58.333333333333336,0.42060606060606054,0.06452167647616991,0.6399999999999999
AniNonVoc,5,hubert,15,25,62.5,0.42060606060606054,0.06452167647616991,0.6399999999999999
AniNonVoc,5,hubert,16,25,66.66666666666667,0.42060606060606054,0.06452167647616991,0.6399999999999999
AniNonVoc,5,hubert,17,25,70.83333333333333,0.46909090909090895,0.061647197628899496,0.6399999999999999
AniNonVoc,5,hubert,18,25,75.0,0.48181818181818176,0.06434330498227268,0.6399999999999999
AniNonVoc,5,hubert,19,25,79.16666666666667,0.5278787878787877,0.06447296961015776,0.6399999999999999
AniNonVoc,5,hubert,20,25,83.33333333333333,0.5278787878787877,0.06447296961015776,0.6399999999999999
AniNonVoc,5,hubert,21,25,87.5,0.5127272727272728,0.06473704446306731,0.6399999999999999
AniNonVoc,5,hubert,22,25,91.66666666666667,0.4757575757575757,0.0645652566759345,0.6399999999999999
AniNonVoc,5,hubert,23,25,95.83333333333333,0.5599999999999999,0.0658591077039889,0.6399999999999999
AniNonVoc,5,hubert,24,25,100.0,0.603030303030303,0.06790996663746321,0.6399999999999999
AniNonVoc,5,wavlm,0,13,0.0,0.6084848484848484,0.0668438995450177,0.6399999999999999
AniNonVoc,5,wavlm,1,13,8.333333333333334,0.4260606060606061,0.06079253608838674,0.6399999999999999
AniNonVoc,5,wavlm,2,13,16.666666666666668,0.19272727272727272,0.04696501494388281,0.6399999999999999
AniNonVoc,5,wavlm,3,13,25.0,0.09515151515151514,0.0448586134517324,0.6399999999999999
AniNonVoc,5,wavlm,4,13,33.333333333333336,-0.16909090909090904,0.04545114288168522,0.6399999999999999
AniNonVoc,5,wavlm,5,13,41.666666666666664,-0.0018181818181818164,0.04790946466417374,0.6399999999999999
AniNonVoc,5,wavlm,6,13,50.0,-0.07272727272727272,0.03919345377002987,0.6399999999999999
AniNonVoc,5,wavlm,7,13,58.333333333333336,-0.07575757575757575,0.04528410362456855,0.6399999999999999
AniNonVoc,5,wavlm,8,13,66.66666666666667,-0.04909090909090909,0.04101533843044826,0.6399999999999999
AniNonVoc,5,wavlm,9,13,75.0,-0.024242424242424246,0.04299457150242015,0.6399999999999999
AniNonVoc,5,wavlm,10,13,83.33333333333333,0.007272727272727268,0.04151590821089452,0.6399999999999999
AniNonVoc,5,wavlm,11,13,91.66666666666667,0.04606060606060605,0.04663206322864991,0.6399999999999999
AniNonVoc,5,wavlm,12,13,100.0,-0.0018181818181818112,0.038161560155863035,0.6399999999999999
AniNonVoc,5,whisper,0,7,0.0,0.35272727272727267,0.07101874045163103,0.6399999999999999
AniNonVoc,5,whisper,1,7,16.666666666666668,0.3472727272727273,0.06990966782087989,0.6399999999999999
AniNonVoc,5,whisper,2,7,33.333333333333336,0.48484848484848486,0.06514131443455573,0.6399999999999999
AniNonVoc,5,whisper,3,7,50.0,0.4945454545454545,0.06341253260959294,0.6399999999999999
AniNonVoc,5,whisper,4,7,66.66666666666667,0.4333333333333333,0.05281226536390414,0.6399999999999999
AniNonVoc,5,whisper,5,7,83.33333333333333,0.34363636363636363,0.04948939417011019,0.6399999999999999
AniNonVoc,5,whisper,6,7,100.0,-0.022424242424242423,0.04596544354080943,0.6399999999999999
AniNonVoc,5,ast,0,13,0.0,-0.06909090909090908,0.054737213874707334,0.6399999999999999
AniNonVoc,5,ast,1,13,8.333333333333334,-0.03393939393939394,0.053627577470838156,0.6399999999999999
AniNonVoc,5,ast,2,13,16.666666666666668,-0.07454545454545454,0.0571132265051183,0.6399999999999999
AniNonVoc,5,ast,3,13,25.0,-0.11757575757575753,0.046519995695579096,0.6399999999999999
AniNonVoc,5,ast,4,13,33.333333333333336,-0.13636363636363633,0.0610818643465209,0.6399999999999999
AniNonVoc,5,ast,5,13,41.666666666666664,0.36181818181818176,0.055051875571271364,0.6399999999999999
AniNonVoc,5,ast,6,13,50.0,0.19878787878787876,0.0483962507899367,0.6399999999999999
AniNonVoc,5,ast,7,13,58.333333333333336,0.3824242424242424,0.049240326295635385,0.6399999999999999
AniNonVoc,5,ast,8,13,66.66666666666667,0.3309090909090909,0.05655076890740013,0.6399999999999999
AniNonVoc,5,ast,9,13,75.0,0.34666666666666657,0.05379889592226938,0.6399999999999999
AniNonVoc,5,ast,10,13,83.33333333333333,0.14484848484848484,0.05928039793420206,0.6399999999999999
AniNonVoc,5,ast,11,13,91.66666666666667,0.11696969696969699,0.06100839342611433,0.6399999999999999
AniNonVoc,5,ast,12,13,100.0,0.04848484848484848,0.052012794773626185,0.6399999999999999
Nature,4,wav2vec2,0,25,0.0,0.6114285714285715,0.07294333689530612,0.5514285714285714
Nature,4,wav2vec2,1,25,4.166666666666667,0.6114285714285715,0.07294333689530612,0.5514285714285714
Nature,4,wav2vec2,2,25,8.333333333333334,0.6000000000000002,0.08017167401716993,0.5514285714285714
Nature,4,wav2vec2,3,25,12.5,0.6000000000000002,0.08017167401716993,0.5514285714285714
Nature,4,wav2vec2,4,25,16.666666666666668,0.6000000000000002,0.08017167401716993,0.5514285714285714
Nature,4,wav2vec2,5,25,20.833333333333332,0.6000000000000002,0.08017167401716993,0.5514285714285714
Nature,4,wav2vec2,6,25,25.0,0.6000000000000002,0.08017167401716993,0.5514285714285714
Nature,4,wav2vec2,7,25,29.166666666666668,0.6114285714285715,0.07294333689530612,0.5514285714285714
Nature,4,wav2vec2,8,25,33.333333333333336,0.602857142857143,0.06967470835165579,0.5514285714285714
Nature,4,wav2vec2,9,25,37.5,0.35428571428571437,0.08486800264678418,0.5514285714285714
Nature,4,wav2vec2,10,25,41.666666666666664,0.019999999999999997,0.0829400673969262,0.5514285714285714
Nature,4,wav2vec2,11,25,45.833333333333336,0.019999999999999997,0.0829400673969262,0.5514285714285714
Nature,4,wav2vec2,12,25,50.0,-0.18285714285714288,0.07486184913174584,0.5514285714285714
Nature,4,wav2vec2,13,25,54.166666666666664,-0.2657142857142857,0.07802888556002877,0.5514285714285714
Nature,4,wav2vec2,14,25,58.333333333333336,-0.18285714285714288,0.07486184913174584,0.5514285714285714
Nature,4,wav2vec2,15,25,62.5,-0.2657142857142857,0.07802888556002877,0.5514285714285714
Nature,4,wav2vec2,16,25,66.66666666666667,-0.43428571428571444,0.07143157888405491,0.5514285714285714
Nature,4,wav2vec2,17,25,70.83333333333333,-0.43428571428571444,0.07143157888405491,0.5514285714285714
Nature,4,wav2vec2,18,25,75.0,-0.01142857142857144,0.0788859051828644,0.5514285714285714
Nature,4,wav2vec2,19,25,79.16666666666667,0.07142857142857145,0.08175045206272394,0.5514285714285714
Nature,4,wav2vec2,20,25,83.33333333333333,0.07142857142857145,0.08175045206272394,0.5514285714285714
Nature,4,wav2vec2,21,25,87.5,0.35428571428571437,0.08486800264678418,0.5514285714285714
Nature,4,wav2vec2,22,25,91.66666666666667,-0.4371428571428571,0.05132403745442272,0.5514285714285714
Nature,4,wav2vec2,23,25,95.83333333333333,-0.18285714285714283,0.10356481700442502,0.5514285714285714
Nature,4,wav2vec2,24,25,100.0,-0.21999999999999997,0.11210513708812243,0.5514285714285714
Nature,4,hubert,0,25,0.0,0.6114285714285715,0.07294333689530612,0.5514285714285714
Nature,4,hubert,1,25,4.166666666666667,0.6114285714285715,0.07294333689530612,0.5514285714285714
Nature,4,hubert,2,25,8.333333333333334,0.6400000000000001,0.0714556339710759,0.5514285714285714
Nature,4,hubert,3,25,12.5,0.6400000000000001,0.0714556339710759,0.5514285714285714
Nature,4,hubert,4,25,16.666666666666668,0.6,0.07345983945591883,0.5514285714285714
Nature,4,hubert,5,25,20.833333333333332,0.6,0.07345983945591883,0.5514285714285714
Nature,4,hubert,6,25,25.0,0.6,0.07345983945591883,0.5514285714285714
Nature,4,hubert,7,25,29.166666666666668,0.6,0.07345983945591883,0.5514285714285714
Nature,4,hubert,8,25,33.333333333333336,0.6,0.07345983945591883,0.5514285714285714
Nature,4,hubert,9,25,37.5,0.5257142857142858,0.06396830579341213,0.5514285714285714
Nature,4,hubert,10,25,41.666666666666664,0.4228571428571429,0.06759963009705645,0.5514285714285714
Nature,4,hubert,11,25,45.833333333333336,0.4342857142857143,0.07179155888375915,0.5514285714285714
Nature,4,hubert,12,25,50.0,0.4228571428571429,0.06759963009705645,0.5514285714285714
Nature,4,hubert,13,25,54.166666666666664,0.4228571428571429,0.06759963009705645,0.5514285714285714
Nature,4,hubert,14,25,58.333333333333336,0.35714285714285715,0.0611911832068611,0.5514285714285714
Nature,4,hubert,15,25,62.5,0.3028571428571428,0.06627741716285218,0.5514285714285714
Nature,4,hubert,16,25,66.66666666666667,0.35714285714285715,0.0611911832068611,0.5514285714285714
Nature,4,hubert,17,25,70.83333333333333,0.16857142857142854,0.07150071544638412,0.5514285714285714
Nature,4,hubert,18,25,75.0,0.04571428571428572,0.07866774684154665,0.5514285714285714
Nature,4,hubert,19,25,79.16666666666667,0.07428571428571429,0.07387974669013779,0.5514285714285714
Nature,4,hubert,20,25,83.33333333333333,0.07428571428571429,0.07387974669013779,0.5514285714285714
Nature,4,hubert,21,25,87.5,0.02,0.08262867126315998,0.5514285714285714
Nature,4,hubert,22,25,91.66666666666667,-0.06285714285714286,0.09681501512471236,0.5514285714285714
Nature,4,hubert,23,25,95.83333333333333,-0.05142857142857142,0.10588687395134476,0.5514285714285714
Nature,4,hubert,24,25,100.0,0.23142857142857146,0.08837718209916785,0.5514285714285714
Nature,4,wavlm,0,13,0.0,0.6000000000000002,0.08017167401716993,0.5514285714285714
Nature,4,wavlm,1,13,8.333333333333334,0.52,0.05883217223421143,0.5514285714285714
Nature,4,wavlm,2,13,16.666666666666668,0.4800000000000001,0.07286082844872242,0.5514285714285714
Nature,4,wavlm,3,13,25.0,0.3742857142857142,0.07209910830121473,0.5514285714285714
Nature,4,wavlm,4,13,33.333333333333336,0.32285714285714284,0.07879598805535573,0.5514285714285714
Nature,4,wavlm,5,13,41.666666666666664,0.29714285714285726,0.08496919262268922,0.5514285714285714
Nature,4,wavlm,6,13,50.0,0.29714285714285726,0.08496919262268922,0.5514285714285714
Nature,4,wavlm,7,13,58.333333333333336,0.23142857142857146,0.08837718209916785,0.5514285714285714
Nature,4,wavlm,8,13,66.66666666666667,0.29714285714285726,0.08496919262268922,0.5514285714285714
Nature,4,wavlm,9,13,75.0,0.29714285714285726,0.08496919262268922,0.5514285714285714
Nature,4,wavlm,10,13,83.33333333333333,0.29714285714285726,0.08496919262268922,0.5514285714285714
Nature,4,wavlm,11,13,91.66666666666667,0.26857142857142857,0.0849186127071275,0.5514285714285714
Nature,4,wavlm,12,13,100.0,0.26857142857142857,0.0849186127071275,0.5514285714285714
Nature,4,whisper,0,7,0.0,-0.16,0.05864198940682084,0.5514285714285714
Nature,4,whisper,1,7,16.666666666666668,-0.2028571428571429,0.08631120471960971,0.5514285714285714
Nature,4,whisper,2,7,33.333333333333336,-0.07428571428571429,0.06844600057439024,0.5514285714285714
Nature,4,whisper,3,7,50.0,-0.3485714285714286,0.06278875295237768,0.5514285714285714
Nature,4,whisper,4,7,66.66666666666667,-0.01142857142857144,0.0788859051828644,0.5514285714285714
Nature,4,whisper,5,7,83.33333333333333,0.18857142857142858,0.07317856271351826,0.5514285714285714
Nature,4,whisper,6,7,100.0,0.17428571428571432,0.08827989858451568,0.5514285714285714
Nature,4,ast,0,13,0.0,0.48571428571428565,0.09713401109656618,0.5514285714285714
Nature,4,ast,1,13,8.333333333333334,0.46571428571428564,0.09742330151337433,0.5514285714285714
Nature,4,ast,2,13,16.666666666666668,0.457142857142857,0.09181310114807961,0.5514285714285714
Nature,4,ast,3,13,25.0,0.35428571428571437,0.08486800264678418,0.5514285714285714
Nature,4,ast,4,13,33.333333333333336,0.3742857142857142,0.07209910830121473,0.5514285714285714
Nature,4,ast,5,13,41.666666666666664,0.3171428571428572,0.06028574991981273,0.5514285714285714
Nature,4,ast,6,13,50.0,0.48571428571428577,0.0754221915734359,0.5514285714285714
Nature,4,ast,7,13,58.333333333333336,0.48571428571428577,0.0754221915734359,0.5514285714285714
Nature,4,ast,8,13,66.66666666666667,0.48571428571428577,0.0754221915734359,0.5514285714285714
Nature,4,ast,9,13,75.0,0.48571428571428577,0.0754221915734359,0.5514285714285714
Nature,4,ast,10,13,83.33333333333333,0.3714285714285715,0.09195338098717822,0.5514285714285714
Nature,4,ast,11,13,91.66666666666667,0.3714285714285715,0.09195338098717822,0.5514285714285714
Nature,4,ast,12,13,100.0,0.21142857142857144,0.09745196288334781,0.5514285714285714
