model,layer,n_layers,layer_frac,roi,rsa_mean,rsa_sem,noise_ceiling,rsa_noise_corrected
ast,0,13,0.0,AllROI,0.08798493332183589,0.015064113845191494,0.7587117536933498,0.11596621891453782
ast,1,13,0.08333333333333333,AllROI,0.2429158191421378,0.011048438345864945,0.7587117536933498,0.32016878341431054
ast,2,13,0.16666666666666666,AllROI,0.2671366441359754,0.010329028255048342,0.7587117536933498,0.3520924024645394
ast,3,13,0.25,AllROI,0.2913777243856536,0.012591369085184233,0.7587117536933498,0.3840427184200713
ast,4,13,0.3333333333333333,AllROI,0.26009228418551866,0.01258147853347379,0.7587117536933498,0.3428077697747658
ast,5,13,0.4166666666666667,AllROI,0.3376486117598269,0.0111484310231199,0.7587117536933498,0.4450288401572531
ast,6,13,0.5,AllROI,0.3188049923793012,0.012701596347739355,0.7587117536933498,0.4201925050289301
ast,7,13,0.5833333333333334,AllROI,0.21851324996155913,0.011561685971663386,0.7587117536933498,0.2880056212360671
ast,8,13,0.6666666666666666,AllROI,0.20441037972738818,0.011190649227924416,0.7587117536933498,0.2694177053832821
ast,9,13,0.75,AllROI,0.21218483511786193,0.00929961409167892,0.7587117536933498,0.2796646210961708
ast,10,13,0.8333333333333334,AllROI,0.2061297290543089,0.011296996087473943,0.7587117536933498,0.27168384837968496
ast,11,13,0.9166666666666666,AllROI,0.1799034451637761,0.012872142907820726,0.7587117536933498,0.23711698716676013
ast,12,13,1.0,AllROI,0.19058641663811732,0.012237152183370417,0.7587117536933498,0.2511973957307996
hubert,0,25,0.0,AllROI,0.19394697441042527,0.026413800074410604,0.7587117536933498,0.2556266901973068
hubert,1,25,0.041666666666666664,AllROI,0.23901083917325489,0.023900945098433525,0.7587117536933498,0.315021927642176
hubert,2,25,0.08333333333333333,AllROI,0.2869063924134758,0.023436713033035777,0.7587117536933498,0.3781493973394215
hubert,3,25,0.125,AllROI,0.33451927106819046,0.02195193224108498,0.7587117536933498,0.44090429526071884
hubert,4,25,0.16666666666666666,AllROI,0.3720210882250062,0.020858235957076567,0.7587117536933498,0.4903325754662907
hubert,5,25,0.20833333333333334,AllROI,0.37800552312993296,0.020337333507855104,0.7587117536933498,0.49822020192758515
hubert,6,25,0.25,AllROI,0.3785374662211106,0.019883979636692677,0.7587117536933498,0.498921315477742
hubert,7,25,0.2916666666666667,AllROI,0.373696064642568,0.018487548449039482,0.7587117536933498,0.4925402339207804
hubert,8,25,0.3333333333333333,AllROI,0.37610989520924654,0.0186090290989291,0.7587117536933498,0.4957217195837192
hubert,9,25,0.375,AllROI,0.37103321694113633,0.018777608998542535,0.7587117536933498,0.48903053779643657
hubert,10,25,0.4166666666666667,AllROI,0.3781709449874253,0.01975444419026578,0.7587117536933498,0.49843823184037755
hubert,11,25,0.4583333333333333,AllROI,0.3655064584191429,0.02013328626302279,0.7587117536933498,0.48174613961084156
hubert,12,25,0.5,AllROI,0.35380695005279683,0.02003840363638828,0.7587117536933498,0.46632591142880303
hubert,13,25,0.5416666666666666,AllROI,0.36375401884212316,0.020606028175021114,0.7587117536933498,0.4794363828837459
hubert,14,25,0.5833333333333334,AllROI,0.3695676881387976,0.020288665964007697,0.7587117536933498,0.48709893624261236
hubert,15,25,0.625,AllROI,0.3659378133213509,0.020605529854912385,0.7587117536933498,0.48231467555365276
hubert,16,25,0.6666666666666666,AllROI,0.35826631495641925,0.021006452975674425,0.7587117536933498,0.47220345963062615
hubert,17,25,0.7083333333333334,AllROI,0.36337062206161985,0.02178983385924264,0.7587117536933498,0.478931056877345
hubert,18,25,0.75,AllROI,0.3591342544715406,0.021694953150737765,0.7587117536933498,0.47334742439840033
hubert,19,25,0.7916666666666666,AllROI,0.3546964895727184,0.021784978991679974,0.7587117536933498,0.4674983455127504
hubert,20,25,0.8333333333333334,AllROI,0.3548578503660175,0.021189716777447055,0.7587117536933498,0.4677110228470788
hubert,21,25,0.875,AllROI,0.3712585376179134,0.020570154118746464,0.7587117536933498,0.4893275157668979
hubert,22,25,0.9166666666666666,AllROI,0.3650680267030286,0.020684702689999467,0.7587117536933498,0.48116827626026076
hubert,23,25,0.9583333333333334,AllROI,0.3732601959031623,0.019609240360401393,0.7587117536933498,0.49196574863399795
hubert,24,25,1.0,AllROI,0.36061447883419867,0.017675059669258506,0.7587117536933498,0.47529839504759935
wav2vec2,0,25,0.0,AllROI,0.2727505465453109,0.027936533616056424,0.7587117536933498,0.35949165835059554
wav2vec2,1,25,0.041666666666666664,AllROI,0.27074717054748326,0.021840186684145745,0.7587117536933498,0.35685116149777185
wav2vec2,2,25,0.08333333333333333,AllROI,0.31344325645590754,0.020696867567675307,0.7587117536933498,0.41312561052348296
wav2vec2,3,25,0.125,AllROI,0.34226607807529347,0.020719207692644768,0.7587117536933498,0.4511147697517125
wav2vec2,4,25,0.16666666666666666,AllROI,0.35311367064916566,0.02028282848883515,0.7587117536933498,0.4654121528106501
wav2vec2,5,25,0.20833333333333334,AllROI,0.36673679831363815,0.020112578775757624,0.7587117536933498,0.483367756632729
wav2vec2,6,25,0.25,AllROI,0.3752238370311323,0.020699676893075454,0.7587117536933498,0.4945538739904475
wav2vec2,7,25,0.2916666666666667,AllROI,0.37540592429854586,0.02097902962937751,0.7587117536933498,0.49479386930688635
wav2vec2,8,25,0.3333333333333333,AllROI,0.360904181509322,0.02137866850063152,0.7587117536933498,0.47568023001155385
wav2vec2,9,25,0.375,AllROI,0.34459362695664886,0.021887529424322656,0.7587117536933498,0.4541825341168025
wav2vec2,10,25,0.4166666666666667,AllROI,0.29662378467727774,0.02230250479535183,0.7587117536933498,0.39095714971243856
wav2vec2,11,25,0.4583333333333333,AllROI,0.3239826530262613,0.021298956419191967,0.7587117536933498,0.4270167839751249
wav2vec2,12,25,0.5,AllROI,0.3358858444951498,0.020558300808098506,0.7587117536933498,0.4427054712940503
wav2vec2,13,25,0.5416666666666666,AllROI,0.3533914214318834,0.017405171169773692,0.7587117536933498,0.4657782348983016
wav2vec2,14,25,0.5833333333333334,AllROI,0.3500429003431696,0.017149493091612407,0.7587117536933498,0.4613648050648853
wav2vec2,15,25,0.625,AllROI,0.357045785505041,0.016486366096956702,0.7587117536933498,0.47059477300433256
wav2vec2,16,25,0.6666666666666666,AllROI,0.3425656196120993,0.015861170573764082,0.7587117536933498,0.451509572567601
wav2vec2,17,25,0.7083333333333334,AllROI,0.3474690059489905,0.01638466943767696,0.7587117536933498,0.4579723514991542
wav2vec2,18,25,0.75,AllROI,0.34701117990180874,0.017892962873113146,0.7587117536933498,0.4573689259624427
wav2vec2,19,25,0.7916666666666666,AllROI,0.34371268351592993,0.01860447080882946,0.7587117536933498,0.45302142986814603
wav2vec2,20,25,0.8333333333333334,AllROI,0.35084908889586275,0.018131969941412796,0.7587117536933498,0.46242738060660943
wav2vec2,21,25,0.875,AllROI,0.3638893478569154,0.017730506739729493,0.7587117536933498,0.47961474971954815
wav2vec2,22,25,0.9166666666666666,AllROI,0.11038061301603748,0.008715432593584057,0.7587117536933498,0.14548425337911697
wav2vec2,23,25,0.9583333333333334,AllROI,0.25479876360731935,0.0178334348715601,0.7587117536933498,0.33583078470443983
wav2vec2,24,25,1.0,AllROI,0.25165533013418423,0.018442643532810565,0.7587117536933498,0.33168766518924436
wavlm,0,13,0.0,AllROI,0.28905443853440704,0.018368083049019254,0.7587117536933498,0.3809805728292893
wavlm,1,13,0.08333333333333333,AllROI,0.45622166952616455,0.0173712864210371,0.7587117536933498,0.6013109290917308
wavlm,2,13,0.16666666666666666,AllROI,0.4672336553919857,0.015209436243075117,0.7587117536933498,0.6158249863897964
wavlm,3,13,0.25,AllROI,0.47323705422221846,0.01800388033634233,0.7587117536933498,0.6237376077522686
wavlm,4,13,0.3333333333333333,AllROI,0.4429314583653784,0.021467174147635902,0.7587117536933498,0.5837941170796717
wavlm,5,13,0.4166666666666667,AllROI,0.41673739237278906,0.020012369273707253,0.7587117536933498,0.5492697198167076
wavlm,6,13,0.5,AllROI,0.4040170919234325,0.020804990588439324,0.7587117536933498,0.532504063574485
wavlm,7,13,0.5833333333333334,AllROI,0.397359541511613,0.021474623100154244,0.7587117536933498,0.5237292549868876
wavlm,8,13,0.6666666666666666,AllROI,0.3926014480074931,0.02202226861776542,0.7587117536933498,0.5174579754384189
wavlm,9,13,0.75,AllROI,0.39450240140142656,0.021947306483014108,0.7587117536933498,0.519963476881727
wavlm,10,13,0.8333333333333334,AllROI,0.39828254319450773,0.02003522793252606,0.7587117536933498,0.5249457929914745
wavlm,11,13,0.9166666666666666,AllROI,0.418500433213322,0.01888965543554015,0.7587117536933498,0.5515934492593458
wavlm,12,13,1.0,AllROI,0.39888958939183033,0.015460198574371423,0.7587117536933498,0.525745894208264
whisper,0,7,0.0,AllROI,0.12978399221015757,0.010033924141056487,0.7587117536933498,0.17105836515432798
whisper,1,7,0.16666666666666666,AllROI,0.28176201671755186,0.011497766937370367,0.7587117536933498,0.37136898874435026
whisper,2,7,0.3333333333333333,AllROI,0.3600675615208765,0.016155625949751062,0.7587117536933498,0.4745775451192045
whisper,3,7,0.5,AllROI,0.36840846741760236,0.022410991800618257,0.7587117536933498,0.48557105596983124
whisper,4,7,0.6666666666666666,AllROI,0.3291700092235754,0.02557975621126139,0.7587117536933498,0.4338538418855401
whisper,5,7,0.8333333333333334,AllROI,0.35170499709497105,0.024938241072647173,0.7587117536933498,0.46355548781589123
whisper,6,7,1.0,AllROI,0.29828909956076677,0.021832176908528796,0.7587117536933498,0.39315207403696945
ast,0,13,0.0,Primary,0.13705131754725414,0.009501985909600105,0.6685215050960995,0.20500659515441183
ast,1,13,0.08333333333333333,Primary,0.23672190827973008,0.012411268510450794,0.6685215050960995,0.3540976714663823
ast,2,13,0.16666666666666666,Primary,0.24475308274009683,0.012992582530255014,0.6685215050960995,0.36611100895686777
ast,3,13,0.25,Primary,0.29090611066608163,0.016230571456321032,0.6685215050960995,0.4351484708397886
ast,4,13,0.3333333333333333,Primary,0.283134084777415,0.017405178759198434,0.6685215050960995,0.42352277768044966
ast,5,13,0.4166666666666667,Primary,0.3112962851696387,0.013532946143613537,0.6685215050960995,0.46564887261912397
ast,6,13,0.5,Primary,0.3550123722782987,0.01937521494961016,0.6685215050960995,0.5310410653540096
ast,7,13,0.5833333333333334,Primary,0.2655299781048598,0.013232813926615381,0.6685215050960995,0.3971898825703296
ast,8,13,0.6666666666666666,Primary,0.24681514510946617,0.014556558880939518,0.6685215050960995,0.36919552060481087
ast,9,13,0.75,Primary,0.21638151129592964,0.01399184554331112,0.6685215050960995,0.32367172880223943
ast,10,13,0.8333333333333334,Primary,0.22785059689762027,0.01161376886323463,0.6685215050960995,0.34082762508121095
ast,11,13,0.9166666666666666,Primary,0.21648810049879014,0.013432641921972625,0.6685215050960995,0.32383116900281333
ast,12,13,1.0,Primary,0.1967115995062103,0.012767838472184982,0.6685215050960995,0.294248723499079
hubert,0,25,0.0,Primary,0.31037657357236204,0.01767692310025072,0.6685215050960995,0.46427313288559896
hubert,1,25,0.041666666666666664,Primary,0.3530625895502757,0.018472901755031627,0.6685215050960995,0.5281245058818612
hubert,2,25,0.08333333333333333,Primary,0.3539336335149494,0.01699767228122028,0.6685215050960995,0.5294274467117878
hubert,3,25,0.125,Primary,0.34113162584999857,0.014329583629353715,0.6685215050960995,0.5102777147026274
hubert,4,25,0.16666666666666666,Primary,0.32733389907962707,0.013369677277364161,0.6685215050960995,0.48963854802632417
hubert,5,25,0.20833333333333334,Primary,0.2993538989671401,0.014606930730108495,0.6685215050960995,0.4477849952248106
hubert,6,25,0.25,Primary,0.26045292631596295,0.015703009574544437,0.6685215050960995,0.38959543459790874
hubert,7,25,0.2916666666666667,Primary,0.23348510459352656,0.015597049717982595,0.6685215050960995,0.3492559368901128
hubert,8,25,0.3333333333333333,Primary,0.21617167331771836,0.01792587741751498,0.6685215050960995,0.32335784514014076
hubert,9,25,0.375,Primary,0.19329832124321317,0.020094337736576224,0.6685215050960995,0.2891430115107915
hubert,10,25,0.4166666666666667,Primary,0.18418876002393214,0.022628203216025503,0.6685215050960995,0.2755165819197621
hubert,11,25,0.4583333333333333,Primary,0.15410090494413634,0.02499409320734496,0.6685215050960995,0.23051001915336206
hubert,12,25,0.5,Primary,0.13383063970097606,0.026192865329258623,0.6685215050960995,0.20018898222539303
hubert,13,25,0.5416666666666666,Primary,0.13438289039568857,0.02863264377457466,0.6685215050960995,0.2010150599065188
hubert,14,25,0.5833333333333334,Primary,0.1349303932156421,0.029983119723656908,0.6685215050960995,0.2018340355352457
hubert,15,25,0.625,Primary,0.12880297826044784,0.031299447646509805,0.6685215050960995,0.19266841422241532
hubert,16,25,0.6666666666666666,Primary,0.12029117080177862,0.032802000416932084,0.6685215050960995,0.17993612753637123
hubert,17,25,0.7083333333333334,Primary,0.13183795807539067,0.03244410128342416,0.6685215050960995,0.19720825294384367
hubert,18,25,0.75,Primary,0.12326391647084961,0.032813739440904585,0.6685215050960995,0.18438287404551107
hubert,19,25,0.7916666666666666,Primary,0.11309158807877207,0.03384035595469847,0.6685215050960995,0.16916671672740763
hubert,20,25,0.8333333333333334,Primary,0.11406368897371646,0.03323266992988591,0.6685215050960995,0.1706208223732756
hubert,21,25,0.875,Primary,0.1424555999138018,0.02856507018256855,0.6685215050960995,0.2130905271227197
hubert,22,25,0.9166666666666666,Primary,0.13856451051583268,0.026963283650970078,0.6685215050960995,0.2072700869898181
hubert,23,25,0.9583333333333334,Primary,0.16622641557208215,0.02146250188646956,0.6685215050960995,0.24864782105728553
hubert,24,25,1.0,Primary,0.16467188360448703,0.02213533975344014,0.6685215050960995,0.24632249276830004
wav2vec2,0,25,0.0,Primary,0.3645247604331975,0.02063698376361922,0.6685215050960995,0.5452700588604061
wav2vec2,1,25,0.041666666666666664,Primary,0.31593003236352196,0.01465603035914814,0.6685215050960995,0.4725802086473003
wav2vec2,2,25,0.08333333333333333,Primary,0.3145818705684706,0.013968051286933325,0.6685215050960995,0.470563576744251
wav2vec2,3,25,0.125,Primary,0.30302171605735573,0.0154894727891182,0.6685215050960995,0.4532714561123902
wav2vec2,4,25,0.16666666666666666,Primary,0.29150501910707804,0.016606304223182416,0.6685215050960995,0.43604434095979366
wav2vec2,5,25,0.20833333333333334,Primary,0.2707591637399225,0.01858456039409596,0.6685215050960995,0.40501189816025596
wav2vec2,6,25,0.25,Primary,0.23783413630195127,0.022913352011881865,0.6685215050960995,0.35576138462107176
wav2vec2,7,25,0.2916666666666667,Primary,0.1909641535189645,0.027090236014918456,0.6685215050960995,0.28565147428056714
wav2vec2,8,25,0.3333333333333333,Primary,0.1425627104188348,0.031816447309332745,0.6685215050960995,0.21325074710699324
wav2vec2,9,25,0.375,Primary,0.11488550177819869,0.034059639662978945,0.6685215050960995,0.17185012135351424
wav2vec2,10,25,0.4166666666666667,Primary,0.05444127872409471,0.03617141904688254,0.6685215050960995,0.08143534397785575
wav2vec2,11,25,0.4583333333333333,Primary,0.08527656926424557,0.03523797235008575,0.6685215050960995,0.12755994925247335
wav2vec2,12,25,0.5,Primary,0.11314291309404366,0.03321379251003619,0.6685215050960995,0.16924349064549454
wav2vec2,13,25,0.5416666666666666,Primary,0.16404826133540226,0.02555190294183869,0.6685215050960995,0.24538965476035124
wav2vec2,14,25,0.5833333333333334,Primary,0.15302209220106844,0.026880805739745866,0.6685215050960995,0.2288962898494516
wav2vec2,15,25,0.625,Primary,0.16680024294444917,0.02581233700367167,0.6685215050960995,0.24950617395691968
wav2vec2,16,25,0.6666666666666666,Primary,0.15844112417801837,0.024594258292211738,0.6685215050960995,0.23700228484832744
wav2vec2,17,25,0.7083333333333334,Primary,0.16762980520318316,0.02419695763173656,0.6685215050960995,0.2507470648668011
wav2vec2,18,25,0.75,Primary,0.19392026651472716,0.02374772271199962,0.6685215050960995,0.29007334100172477
wav2vec2,19,25,0.7916666666666666,Primary,0.1935450846279543,0.024095754471022024,0.6685215050960995,0.2895121296062605
wav2vec2,20,25,0.8333333333333334,Primary,0.1998327525471798,0.02317424099479236,0.6685215050960995,0.2989174634231908
wav2vec2,21,25,0.875,Primary,0.2364421120858209,0.01874155611344568,0.6685215050960995,0.3536791416333458
wav2vec2,22,25,0.9166666666666666,Primary,0.1366564911588281,0.012231823884437363,0.6685215050960995,0.20441599876309713
wav2vec2,23,25,0.9583333333333334,Primary,0.030226882588756374,0.02550379892083476,0.6685215050960995,0.04521452542414665
wav2vec2,24,25,1.0,Primary,0.02913332052840472,0.025430446342787707,0.6685215050960995,0.04357873352812611
wavlm,0,13,0.0,Primary,0.32394857171464686,0.011828459213126469,0.6685215050960995,0.48457464605881223
wavlm,1,13,0.08333333333333333,Primary,0.41008562429634526,0.02176035070981662,0.6685215050960995,0.613421739121759
wavlm,2,13,0.16666666666666666,Primary,0.3774236206201939,0.014187311141324693,0.6685215050960995,0.5645646665711068
wavlm,3,13,0.25,Primary,0.3284459834435012,0.01803541567705346,0.6685215050960995,0.4913020462913714
wavlm,4,13,0.3333333333333333,Primary,0.26552476001896774,0.018117399451070725,0.6685215050960995,0.39718207715815923
wavlm,5,13,0.4166666666666667,Primary,0.20997984479156034,0.021686895543743336,0.6685215050960995,0.3140958715477311
wavlm,6,13,0.5,Primary,0.20123726657903962,0.020858765310026044,0.6685215050960995,0.30101838915430534
wavlm,7,13,0.5833333333333334,Primary,0.19351533848751476,0.02069722099971396,0.6685215050960995,0.289467634193304
wavlm,8,13,0.6666666666666666,Primary,0.17702097562092925,0.02159409529549884,0.6685215050960995,0.26479473625232536
wavlm,9,13,0.75,Primary,0.16420668791983184,0.02254187836897757,0.6685215050960995,0.24562663529608855
wavlm,10,13,0.8333333333333334,Primary,0.17639155776739135,0.02080786619914417,0.6685215050960995,0.2638532289878022
wavlm,11,13,0.9166666666666666,Primary,0.2692197865542584,0.014543450408450054,0.6685215050960995,0.4027092389728857
wavlm,12,13,1.0,Primary,0.2377465913497675,0.01622865938009824,0.6685215050960995,0.3556304315380125
whisper,0,7,0.0,Primary,0.217104127815538,0.021597194482713196,0.6685215050960995,0.32475264619098443
whisper,1,7,0.16666666666666666,Primary,0.2635924251395266,0.018018178275214174,0.6685215050960995,0.3942916168443008
whisper,2,7,0.3333333333333333,Primary,0.2501726989100953,0.0218894608761579,0.6685215050960995,0.37421787781401755
whisper,3,7,0.5,Primary,0.15660905792478924,0.030294814745837128,0.6685215050960995,0.23426181017509196
whisper,4,7,0.6666666666666666,Primary,0.07375939681882887,0.034700580686898415,0.6685215050960995,0.11033212283608738
whisper,5,7,0.8333333333333334,Primary,0.08824307847925589,0.03425495890141016,0.6685215050960995,0.1319973670354419
whisper,6,7,1.0,Primary,0.06007007877412676,0.027892666517211916,0.6685215050960995,0.0898551180720682
ast,0,13,0.0,Lateral,0.0570181353508469,0.01669838388243949,0.7227342603937893,0.07889225469923063
ast,1,13,0.08333333333333333,Lateral,0.17483384096310028,0.016027842996902898,0.7227342603937893,0.24190612033230616
ast,2,13,0.16666666666666666,Lateral,0.21762742398719884,0.011884072321583571,0.7227342603937893,0.3011167948072951
ast,3,13,0.25,Lateral,0.23093569708770262,0.013702481887088043,0.7227342603937893,0.3195305795547521
ast,4,13,0.3333333333333333,Lateral,0.19564217470682446,0.013228395124185386,0.7227342603937893,0.27069724714617344
ast,5,13,0.4166666666666667,Lateral,0.2772361725230225,0.010077425593309371,0.7227342603937893,0.38359351108105416
ast,6,13,0.5,Lateral,0.24492446760660708,0.014643056157426794,0.7227342603937893,0.33888592395378825
ast,7,13,0.5833333333333334,Lateral,0.15400934292521012,0.015063879565373268,0.7227342603937893,0.21309262804463777
ast,8,13,0.6666666666666666,Lateral,0.14208708106722634,0.0161942759602955,0.7227342603937893,0.19659657616038392
ast,9,13,0.75,Lateral,0.16771749916009854,0.010328027631695026,0.7227342603937893,0.23205970486125274
ast,10,13,0.8333333333333334,Lateral,0.1565676916627239,0.01434878990624599,0.7227342603937893,0.21663244741907817
ast,11,13,0.9166666666666666,Lateral,0.11948880056452602,0.014180044679295654,0.7227342603937893,0.16532881739883384
ast,12,13,1.0,Lateral,0.1399573031421174,0.013518877323693944,0.7227342603937893,0.19364974211387212
hubert,0,25,0.0,Lateral,0.1304245199417105,0.023385500358343855,0.7227342603937893,0.1804598551487615
hubert,1,25,0.041666666666666664,Lateral,0.17112368595568672,0.020488938167272902,0.7227342603937893,0.23677262215637626
hubert,2,25,0.08333333333333333,Lateral,0.22900791424897438,0.02215176311365362,0.7227342603937893,0.3168632328626528
hubert,3,25,0.125,Lateral,0.29190127199182236,0.0226682186775057,0.7227342603937893,0.40388464749516223
hubert,4,25,0.16666666666666666,Lateral,0.34326366394586827,0.02332446797561362,0.7227342603937893,0.4749514209535846
hubert,5,25,0.20833333333333334,Lateral,0.36451275283798096,0.024329212649126335,0.7227342603937893,0.5043523917620459
hubert,6,25,0.25,Lateral,0.3803767377692319,0.02522511398957637,0.7227342603937893,0.5263023473689759
hubert,7,25,0.2916666666666667,Lateral,0.38696354893596313,0.024792510152321656,0.7227342603937893,0.5354160860246503
hubert,8,25,0.3333333333333333,Lateral,0.39780787788845745,0.02571122095660007,0.7227342603937893,0.5504206728372164
hubert,9,25,0.375,Lateral,0.4039183140591648,0.02661351879064853,0.7227342603937893,0.5588752826510337
hubert,10,25,0.4166666666666667,Lateral,0.4170856418920188,0.02820538635734936,0.7227342603937893,0.5770940506746772
hubert,11,25,0.4583333333333333,Lateral,0.4137820701180869,0.02949236877384493,0.7227342603937893,0.5725231150556408
hubert,12,25,0.5,Lateral,0.4065007542863423,0.029860930221077085,0.7227342603937893,0.5624484358398287
hubert,13,25,0.5416666666666666,Lateral,0.4195842884576372,0.03024789836520908,0.7227342603937893,0.5805512640690678
hubert,14,25,0.5833333333333334,Lateral,0.42681581940593116,0.02968746692308744,0.7227342603937893,0.5905570592064864
hubert,15,25,0.625,Lateral,0.42418923747327536,0.03023668716307997,0.7227342603937893,0.5869228300345848
hubert,16,25,0.6666666666666666,Lateral,0.41948818928466314,0.029948799254618165,0.7227342603937893,0.5804182979455003
hubert,17,25,0.7083333333333334,Lateral,0.42362343770342237,0.030312957246700235,0.7227342603937893,0.5861399699975572
hubert,18,25,0.75,Lateral,0.4214159068482023,0.030120637771168468,0.7227342603937893,0.583085554320601
hubert,19,25,0.7916666666666666,Lateral,0.420292397556006,0.03026483424914941,0.7227342603937893,0.5815310281914756
hubert,20,25,0.8333333333333334,Lateral,0.42034334836796095,0.029808260364604735,0.7227342603937893,0.5816015254886803
hubert,21,25,0.875,Lateral,0.43116572992844204,0.029537509088999964,0.7227342603937893,0.5965757451342031
hubert,22,25,0.9166666666666666,Lateral,0.4221416191806625,0.02908270907656238,0.7227342603937893,0.5840896748836207
hubert,23,25,0.9583333333333334,Lateral,0.4191461633477158,0.029808660466717523,0.7227342603937893,0.5799450590862257
hubert,24,25,1.0,Lateral,0.40005632304305355,0.027798225109117343,0.7227342603937893,0.553531698947105
wav2vec2,0,25,0.0,Lateral,0.20492199972153774,0.02475865097217202,0.7227342603937893,0.2835371324584556
wav2vec2,1,25,0.041666666666666664,Lateral,0.21950922834604142,0.02248242466526879,0.7227342603937893,0.3037205240919941
wav2vec2,2,25,0.08333333333333333,Lateral,0.27130116540569116,0.023099010941381386,0.7227342603937893,0.3753816309439515
wav2vec2,3,25,0.125,Lateral,0.3139534261336212,0.024556467568442836,0.7227342603937893,0.4343967670254907
wav2vec2,4,25,0.16666666666666666,Lateral,0.3315885100564388,0.02472997637603654,0.7227342603937893,0.4587972761603544
wav2vec2,5,25,0.20833333333333334,Lateral,0.3568055231985954,0.026146036984100916,0.7227342603937893,0.4936884035415537
wav2vec2,6,25,0.25,Lateral,0.3827988414772534,0.028351981477871747,0.7227342603937893,0.5296536534309049
wav2vec2,7,25,0.2916666666666667,Lateral,0.4043770859749239,0.030027046430874147,0.7227342603937893,0.5595100552651189
wav2vec2,8,25,0.3333333333333333,Lateral,0.40705205268446143,0.03132347408042659,0.7227342603937893,0.563211231279772
wav2vec2,9,25,0.375,Lateral,0.40210168369396115,0.03110976322138887,0.7227342603937893,0.5563617303472951
wav2vec2,10,25,0.4166666666666667,Lateral,0.36597592518618705,0.031170646303320563,0.7227342603937893,0.5063768873870477
wav2vec2,11,25,0.4583333333333333,Lateral,0.3880402610900983,0.030571999195227458,0.7227342603937893,0.5369058620227447
wav2vec2,12,25,0.5,Lateral,0.3927552441735024,0.02909135195233662,0.7227342603937893,0.543429674911918
wav2vec2,13,25,0.5416666666666666,Lateral,0.39548513161871335,0.024071656329684502,0.7227342603937893,0.5472068411468818
wav2vec2,14,25,0.5833333333333334,Lateral,0.3969635070601091,0.02353552014303064,0.7227342603937893,0.5492523722949281
wav2vec2,15,25,0.625,Lateral,0.4005194994210213,0.02289167062781855,0.7227342603937893,0.5541725657267085
wav2vec2,16,25,0.6666666666666666,Lateral,0.38732080108854716,0.021334029666410806,0.7227342603937893,0.5359103923999831
wav2vec2,17,25,0.7083333333333334,Lateral,0.38959637560933347,0.02119177109462837,0.7227342603937893,0.5390589556347555
wav2vec2,18,25,0.75,Lateral,0.3771819960261281,0.024017623160674233,0.7227342603937893,0.5218819927266442
wav2vec2,19,25,0.7916666666666666,Lateral,0.3716981973830636,0.02523243879119678,0.7227342603937893,0.5142944201656359
wav2vec2,20,25,0.8333333333333334,Lateral,0.37152426361922275,0.023504743666827286,0.7227342603937893,0.5140537594229916
wav2vec2,21,25,0.875,Lateral,0.3689767055227882,0.020935518393978683,0.7227342603937893,0.5105288703509744
wav2vec2,22,25,0.9166666666666666,Lateral,0.07369452946105812,0.01706800289958136,0.7227342603937893,0.10196628761019975
wav2vec2,23,25,0.9583333333333334,Lateral,0.3298023336304944,0.02040621605351545,0.7227342603937893,0.4563258609752333
wav2vec2,24,25,1.0,Lateral,0.3277782941699462,0.020904720252998943,0.7227342603937893,0.45352533030792364
wavlm,0,13,0.0,Lateral,0.2436342148243501,0.01706757120241879,0.7227342603937893,0.337100685792318
wavlm,1,13,0.08333333333333333,Lateral,0.3931161610044329,0.01777054482534989,0.7227342603937893,0.5439290518623532
wavlm,2,13,0.16666666666666666,Lateral,0.44331714332338856,0.013810669885183863,0.7227342603937893,0.61338885897265
wavlm,3,13,0.25,Lateral,0.4732662344622631,0.017607389210592947,0.7227342603937893,0.6548274523535097
wavlm,4,13,0.3333333333333333,Lateral,0.4646630829110069,0.021262263606407938,0.7227342603937893,0.6429238357371219
wavlm,5,13,0.4166666666666667,Lateral,0.4556139868377598,0.024131945837658368,0.7227342603937893,0.6304031949301998
wavlm,6,13,0.5,Lateral,0.44588992504699954,0.02467090576160454,0.7227342603937893,0.616948648323454
wavlm,7,13,0.5833333333333334,Lateral,0.4445255652206904,0.025594102882163513,0.7227342603937893,0.6150608731049861
wavlm,8,13,0.6666666666666666,Lateral,0.44404324744021956,0.02575626872796397,0.7227342603937893,0.6143935216220108
wavlm,9,13,0.75,Lateral,0.4503499456106852,0.026533791864023392,0.7227342603937893,0.6231196862942506
wavlm,10,13,0.8333333333333334,Lateral,0.4514230797847498,0.02507322252995775,0.7227342603937893,0.6246045116759613
wavlm,11,13,0.9166666666666666,Lateral,0.43552064924720607,0.02258685624373224,0.7227342603937893,0.6026013614048241
wavlm,12,13,1.0,Lateral,0.4228927057868579,0.01905096923787577,0.7227342603937893,0.5851289041651913
whisper,0,7,0.0,Lateral,0.0868321996371065,0.01354976551468765,0.7227342603937893,0.12014402027903738
whisper,1,7,0.16666666666666666,Lateral,0.27525788023189085,0.011176754406141083,0.7227342603937893,0.3808562777720178
whisper,2,7,0.3333333333333333,Lateral,0.3792737980419087,0.01776382395151786,0.7227342603937893,0.5247762819978361
whisper,3,7,0.5,Lateral,0.42602422577277305,0.02591198229294407,0.7227342603937893,0.5894617830081132
whisper,4,7,0.6666666666666666,Lateral,0.40460154113695834,0.032194697352636775,0.7227342603937893,0.5598206191533067
whisper,5,7,0.8333333333333334,Lateral,0.43113519581400495,0.030310664332546356,0.7227342603937893,0.5965334970824497
whisper,6,7,1.0,Lateral,0.37031105870685616,0.027292390172763893,0.7227342603937893,0.5123751273463752
ast,0,13,0.0,Anterior,0.040720639185067985,0.018427194372072034,0.4864751073007242,0.0837054940200583
ast,1,13,0.08333333333333333,Anterior,0.18842188516136113,0.02118357921394108,0.4864751073007242,0.3873207124756014
ast,2,13,0.16666666666666666,Anterior,0.18641436667659214,0.021041433061130817,0.4864751073007242,0.38319405017645936
ast,3,13,0.25,Anterior,0.2109621603303469,0.021142254864067844,0.4864751073007242,0.4336545840976329
ast,4,13,0.3333333333333333,Anterior,0.20171617877248435,0.018503923201887262,0.4864751073007242,0.41464851077732434
ast,5,13,0.4166666666666667,Anterior,0.24339515291508568,0.02107091298656449,0.4864751073007242,0.500323961621794
ast,6,13,0.5,Anterior,0.21486823972859362,0.02719220234488911,0.4864751073007242,0.4416839351160646
ast,7,13,0.5833333333333334,Anterior,0.14117374808345604,0.029912756838364224,0.4864751073007242,0.2901972700448714
ast,8,13,0.6666666666666666,Anterior,0.13748378656927115,0.030228692949854388,0.4864751073007242,0.2826121717349925
ast,9,13,0.75,Anterior,0.13057670214516187,0.02866822665474284,0.4864751073007242,0.26841394386998574
ast,10,13,0.8333333333333334,Anterior,0.14983132924125048,0.030888682248530343,0.4864751073007242,0.30799382536263936
ast,11,13,0.9166666666666666,Anterior,0.13339466070964837,0.03390277478715496,0.4864751073007242,0.27420654974477005
ast,12,13,1.0,Anterior,0.13180993160791116,0.029284697284772936,0.4864751073007242,0.2709489748391797
hubert,0,25,0.0,Anterior,0.06144151133551346,0.025463159872572357,0.4864751073007242,0.12629939417955086
hubert,1,25,0.041666666666666664,Anterior,0.1006231004963481,0.027567561426355917,0.4864751073007242,0.20684121137188205
hubert,2,25,0.08333333333333333,Anterior,0.1366070550179609,0.025489460514890434,0.4864751073007242,0.28080995916922535
hubert,3,25,0.125,Anterior,0.17153529658693967,0.022477607728926135,0.4864751073007242,0.35260857958124
hubert,4,25,0.16666666666666666,Anterior,0.20208848634527762,0.022656990429238404,0.4864751073007242,0.4154138275781347
hubert,5,25,0.20833333333333334,Anterior,0.20575364443946165,0.02293303053630218,0.4864751073007242,0.42294793988764356
hubert,6,25,0.25,Anterior,0.21075582867866158,0.024299082202928465,0.4864751073007242,0.43323044800394833
hubert,7,25,0.2916666666666667,Anterior,0.2069275965728816,0.023454987806565308,0.4864751073007242,0.42536112016306155
hubert,8,25,0.3333333333333333,Anterior,0.20653676961442735,0.02432006513118477,0.4864751073007242,0.4245577348457268
hubert,9,25,0.375,Anterior,0.19762056252249027,0.025084347791346148,0.4864751073007242,0.4062295471170475
hubert,10,25,0.4166666666666667,Anterior,0.19969430201473867,0.02766871177515191,0.4864751073007242,0.41049233356002673
hubert,11,25,0.4583333333333333,Anterior,0.18974366170484985,0.029419631614864203,0.4864751073007242,0.3900377611460314
hubert,12,25,0.5,Anterior,0.18475736246996605,0.03056222697728745,0.4864751073007242,0.37978790630237663
hubert,13,25,0.5416666666666666,Anterior,0.18592020592570344,0.03143957301474011,0.4864751073007242,0.38217825153954527
hubert,14,25,0.5833333333333334,Anterior,0.1895279201558756,0.03176312784836366,0.4864751073007242,0.3895942820332535
hubert,15,25,0.625,Anterior,0.18579939822863245,0.03201733099116789,0.4864751073007242,0.38192991879803806
hubert,16,25,0.6666666666666666,Anterior,0.17854106402362271,0.032308973658371536,0.4864751073007242,0.36700966060582835
hubert,17,25,0.7083333333333334,Anterior,0.1779691494178461,0.0319489856166342,0.4864751073007242,0.36583403086199634
hubert,18,25,0.75,Anterior,0.17507137432296382,0.032410237263165415,0.4864751073007242,0.35987735383701763
hubert,19,25,0.7916666666666666,Anterior,0.1705061508936843,0.03299543860859873,0.4864751073007242,0.35049306395092183
hubert,20,25,0.8333333333333334,Anterior,0.16973668652166904,0.03215610880911889,0.4864751073007242,0.3489113501890714
hubert,21,25,0.875,Anterior,0.18385442357548937,0.030468717092782562,0.4864751073007242,0.3779318218266739
hubert,22,25,0.9166666666666666,Anterior,0.1889977596781947,0.03087429262340898,0.4864751073007242,0.38850448222700534
hubert,23,25,0.9583333333333334,Anterior,0.20191173295101517,0.02990405587772508,0.4864751073007242,0.41505049265799215
hubert,24,25,1.0,Anterior,0.19908322119808355,0.030080785838412803,0.4864751073007242,0.40923619361065544
wav2vec2,0,25,0.0,Anterior,0.11895854042110371,0.023857149421346605,0.4864751073007242,0.24453160837182802
wav2vec2,1,25,0.041666666666666664,Anterior,0.12422431562277761,0.019327129349180672,0.4864751073007242,0.2553559550293411
wav2vec2,2,25,0.08333333333333333,Anterior,0.15695811394928322,0.019170076817048146,0.4864751073007242,0.32264366993038446
wav2vec2,3,25,0.125,Anterior,0.17474129038203895,0.0202065367147807,0.4864751073007242,0.3591988320874539
wav2vec2,4,25,0.16666666666666666,Anterior,0.18188612524812126,0.021262903348343624,0.4864751073007242,0.3738857806257387
wav2vec2,5,25,0.20833333333333334,Anterior,0.19056198922495976,0.023279446859330408,0.4864751073007242,0.39171991817283286
wav2vec2,6,25,0.25,Anterior,0.19369301928146646,0.02738524374333588,0.4864751073007242,0.39815607494533384
wav2vec2,7,25,0.2916666666666667,Anterior,0.1913891051457413,0.03048344311268118,0.4864751073007242,0.39342014066802056
wav2vec2,8,25,0.3333333333333333,Anterior,0.1748524709083366,0.03395900249119408,0.4864751073007242,0.359427375181703
wav2vec2,9,25,0.375,Anterior,0.1613725973678044,0.03940846143688676,0.4864751073007242,0.3317180981020859
wav2vec2,10,25,0.4166666666666667,Anterior,0.12450785523187127,0.04120986577244228,0.4864751073007242,0.2559388000810991
wav2vec2,11,25,0.4583333333333333,Anterior,0.1428887930656996,0.03897666947218555,0.4864751073007242,0.2937227227484223
wav2vec2,12,25,0.5,Anterior,0.1564939622618915,0.03774621982397476,0.4864751073007242,0.3216895580335453
wav2vec2,13,25,0.5416666666666666,Anterior,0.17218621762775188,0.031328195240529454,0.4864751073007242,0.3539466152402975
wav2vec2,14,25,0.5833333333333334,Anterior,0.1681317569748286,0.03206324998421839,0.4864751073007242,0.3456122511750527
wav2vec2,15,25,0.625,Anterior,0.1753787055469584,0.03068701643575967,0.4864751073007242,0.360509105018902
wav2vec2,16,25,0.6666666666666666,Anterior,0.16751544179269787,0.03034303657479235,0.4864751073007242,0.344345351444971
wav2vec2,17,25,0.7083333333333334,Anterior,0.17255522918109417,0.030812811982992457,0.4864751073007242,0.354705156731536
wav2vec2,18,25,0.75,Anterior,0.16520987532314368,0.02893692121652199,0.4864751073007242,0.33960602062422884
wav2vec2,19,25,0.7916666666666666,Anterior,0.15947644929501154,0.028303047120723075,0.4864751073007242,0.32782036922688423
wav2vec2,20,25,0.8333333333333334,Anterior,0.17153689802716027,0.02800383044161141,0.4864751073007242,0.3526118715075823
wav2vec2,21,25,0.875,Anterior,0.18268332758694114,0.02684370909320923,0.4864751073007242,0.37552451265304276
wav2vec2,22,25,0.9166666666666666,Anterior,0.09082261621916309,0.02269527254776322,0.4864751073007242,0.18669530024486802
wav2vec2,23,25,0.9583333333333334,Anterior,0.15142330908396573,0.023494994921485875,0.4864751073007242,0.3112663049177569
wav2vec2,24,25,1.0,Anterior,0.14805313167172865,0.023249426462935405,0.4864751073007242,0.3043385559709773
wavlm,0,13,0.0,Anterior,0.14631356503994025,0.016081088028346728,0.4864751073007242,0.30076269647543064
wavlm,1,13,0.08333333333333333,Anterior,0.2815073083321808,0.024556521464918383,0.4864751073007242,0.5786674469206942
wavlm,2,13,0.16666666666666666,Anterior,0.2781171027116359,0.030363296842834734,0.4864751073007242,0.5716985279160693
wavlm,3,13,0.25,Anterior,0.2898515337777793,0.036183051987538246,0.4864751073007242,0.5958198670967183
wavlm,4,13,0.3333333333333333,Anterior,0.27515965861993774,0.038033246836964046,0.4864751073007242,0.5656191950842048
wavlm,5,13,0.4166666666666667,Anterior,0.2548744544021327,0.03536797417292735,0.4864751073007242,0.523920855511682
wavlm,6,13,0.5,Anterior,0.2453662506083336,0.03444152506626643,0.4864751073007242,0.5043757572094139
wavlm,7,13,0.5833333333333334,Anterior,0.23765957312244856,0.03262669786131513,0.4864751073007242,0.48853388293829925
wavlm,8,13,0.6666666666666666,Anterior,0.23078738916836847,0.03358912925085435,0.4864751073007242,0.47440739660642633
wavlm,9,13,0.75,Anterior,0.22910075964971566,0.032707056280438476,0.4864751073007242,0.47094035483318675
wavlm,10,13,0.8333333333333334,Anterior,0.23236042307501747,0.028988876925367245,0.4864751073007242,0.477640930826455
wavlm,11,13,0.9166666666666666,Anterior,0.2492906841606147,0.022468267781118042,0.4864751073007242,0.5124428370936372
wavlm,12,13,1.0,Anterior,0.21972098420588207,0.02165144852042262,0.4864751073007242,0.45165925431423404
whisper,0,7,0.0,Anterior,0.06717388946802716,0.01758635556951214,0.4864751073007242,0.13808289151885073
whisper,1,7,0.16666666666666666,Anterior,0.1465774628514595,0.01923018115626255,0.4864751073007242,0.3013051657766525
whisper,2,7,0.3333333333333333,Anterior,0.1721605718487645,0.023808834574591563,0.4864751073007242,0.35389389768373086
whisper,3,7,0.5,Anterior,0.16746944697932867,0.036141692538727094,0.4864751073007242,0.3442508043393146
whisper,4,7,0.6666666666666666,Anterior,0.1499772919442762,0.04191993495075767,0.4864751073007242,0.30829386682588217
whisper,5,7,0.8333333333333334,Anterior,0.15252218282706548,0.040106659178825124,0.4864751073007242,0.31352515378095364
whisper,6,7,1.0,Anterior,0.14766968332598795,0.03617581646287319,0.4864751073007242,0.30355033815677446
ast,0,13,0.0,Posterior,0.027671797456874342,0.013947485804931147,0.4450306481780504,0.06217953206180814
ast,1,13,0.08333333333333333,Posterior,0.16461978827197396,0.02092372203765341,0.4450306481780504,0.3699066321520219
ast,2,13,0.16666666666666666,Posterior,0.1598464232666199,0.023955829226483875,0.4450306481780504,0.359180707937822
ast,3,13,0.25,Posterior,0.18185296310525895,0.02106307348383601,0.4450306481780504,0.408630200750808
ast,4,13,0.3333333333333333,Posterior,0.16312594759921048,0.015257009230834251,0.4450306481780504,0.3665499180046272
ast,5,13,0.4166666666666667,Posterior,0.2214925657528678,0.018461002061865343,0.4450306481780504,0.4977018249409461
ast,6,13,0.5,Posterior,0.21220731050350697,0.012509660987339771,0.4450306481780504,0.47683751978044864
ast,7,13,0.5833333333333334,Posterior,0.19846820614488758,0.0200407840093301,0.4450306481780504,0.4459652542075783
ast,8,13,0.6666666666666666,Posterior,0.20308102062308664,0.017945533166783247,0.4450306481780504,0.45633041556687765
ast,9,13,0.75,Posterior,0.189131477783343,0.018266551032730644,0.4450306481780504,0.4249852870979668
ast,10,13,0.8333333333333334,Posterior,0.19831335590294102,0.019764869400437892,0.4450306481780504,0.4456173001001915
ast,11,13,0.9166666666666666,Posterior,0.1813578714887364,0.019768285349010404,0.4450306481780504,0.40751771194009473
ast,12,13,1.0,Posterior,0.1923150663407787,0.023376390193513803,0.4450306481780504,0.4321389260000722
hubert,0,25,0.0,Posterior,0.10306356542837375,0.024815735294707854,0.4450306481780504,0.23158756784575316
hubert,1,25,0.041666666666666664,Posterior,0.12449104073243197,0.023176302664258235,0.4450306481780504,0.2797358816569076
hubert,2,25,0.08333333333333333,Posterior,0.1420099400510588,0.025665399445727308,0.4450306481780504,0.3191014835325289
hubert,3,25,0.125,Posterior,0.15449802336905916,0.030814189426910422,0.4450306481780504,0.3471626594742902
hubert,4,25,0.16666666666666666,Posterior,0.16250374919625052,0.0341050620375927,0.4450306481780504,0.36515181563683025
hubert,5,25,0.20833333333333334,Posterior,0.15749040903520597,0.03625642984842361,0.4450306481780504,0.3538866585480565
hubert,6,25,0.25,Posterior,0.1517151134066398,0.03901203597467805,0.4450306481780504,0.3409093599008506
hubert,7,25,0.2916666666666667,Posterior,0.15616003506804554,0.03937087246728403,0.4450306481780504,0.3508972600142545
hubert,8,25,0.3333333333333333,Posterior,0.1525495912971812,0.0417456580531966,0.4450306481780504,0.34278446197293877
hubert,9,25,0.375,Posterior,0.1467928548227049,0.04358265231997257,0.4450306481780504,0.3298488664177915
hubert,10,25,0.4166666666666667,Posterior,0.13893824532743038,0.046185840089194095,0.4450306481780504,0.3121992741314373
hubert,11,25,0.4583333333333333,Posterior,0.12118427817464764,0.04779428684879761,0.4450306481780504,0.27230546631063385
hubert,12,25,0.5,Posterior,0.1093501825837799,0.04862320941282302,0.4450306481780504,0.24571382450053297
hubert,13,25,0.5416666666666666,Posterior,0.11515130817573599,0.049541183530939344,0.4450306481780504,0.2587491640118808
hubert,14,25,0.5833333333333334,Posterior,0.1224641013808924,0.04988084816121597,0.4450306481780504,0.27518127545205895
hubert,15,25,0.625,Posterior,0.11972622488067294,0.05023013591513555,0.4450306481780504,0.2690291677007652
hubert,16,25,0.6666666666666666,Posterior,0.11122124835369641,0.05046651649729952,0.4450306481780504,0.24991817711664296
hubert,17,25,0.7083333333333334,Posterior,0.11000811341004872,0.049740780894993335,0.4450306481780504,0.24719221891890028
hubert,18,25,0.75,Posterior,0.10743110118218735,0.05033606195513276,0.4450306481780504,0.24140157901935264
hubert,19,25,0.7916666666666666,Posterior,0.10598028855233377,0.05080511620719458,0.4450306481780504,0.23814155044425744
hubert,20,25,0.8333333333333334,Posterior,0.10847115721606523,0.050561032951394747,0.4450306481780504,0.243738622632272
hubert,21,25,0.875,Posterior,0.11846998979786483,0.04850405017182674,0.4450306481780504,0.2662063619278344
hubert,22,25,0.9166666666666666,Posterior,0.108721148472628,0.0473497091590852,0.4450306481780504,0.24430036204861608
hubert,23,25,0.9583333333333334,Posterior,0.11037902606519742,0.04496838794480162,0.4450306481780504,0.24802567310158907
hubert,24,25,1.0,Posterior,0.10663640545956535,0.04408032086076691,0.4450306481780504,0.23961586892078868
wav2vec2,0,25,0.0,Posterior,0.16479666593515793,0.02600191654705116,0.4450306481780504,0.37030408267348175
wav2vec2,1,25,0.041666666666666664,Posterior,0.132538712238238,0.02791513665467187,0.4450306481780504,0.29781929127993706
wav2vec2,2,25,0.08333333333333333,Posterior,0.1444524451562967,0.03144557674512545,0.4450306481780504,0.3245898810513009
wav2vec2,3,25,0.125,Posterior,0.1450078281371294,0.03573968561042392,0.4450306481780504,0.32583784674334126
wav2vec2,4,25,0.16666666666666666,Posterior,0.15024336857829867,0.03791717605393344,0.4450306481780504,0.33760229591690605
wav2vec2,5,25,0.20833333333333334,Posterior,0.1532464385040994,0.041465145426548645,0.4450306481780504,0.3443503029094475
wav2vec2,6,25,0.25,Posterior,0.13551641010746648,0.04703589109220851,0.4450306481780504,0.3045102863415562
wav2vec2,7,25,0.2916666666666667,Posterior,0.12888688084460026,0.05139999755781244,0.4450306481780504,0.28961349374983825
wav2vec2,8,25,0.3333333333333333,Posterior,0.11862743248764748,0.05623556741908862,0.4450306481780504,0.2665601413594921
wav2vec2,9,25,0.375,Posterior,0.11997043941168785,0.05714680369638471,0.4450306481780504,0.26957792660538155
wav2vec2,10,25,0.4166666666666667,Posterior,0.10068093839701919,0.05903064547616351,0.4450306481780504,0.2262337185297364
wav2vec2,11,25,0.4583333333333333,Posterior,0.12220947613155941,0.05730444051003974,0.4450306481780504,0.2746091232859656
wav2vec2,12,25,0.5,Posterior,0.13190062624195031,0.05459679208699821,0.4450306481780504,0.2963854889139652
wav2vec2,13,25,0.5416666666666666,Posterior,0.16758535550464956,0.0471052964347816,0.4450306481780504,0.37657036923353887
wav2vec2,14,25,0.5833333333333334,Posterior,0.16527182892977832,0.04753562495537415,0.4450306481780504,0.3713717911483153
wav2vec2,15,25,0.625,Posterior,0.174715373578659,0.046251515036861805,0.4450306481780504,0.39259177832794534
wav2vec2,16,25,0.6666666666666666,Posterior,0.16929290191058746,0.044996217453105905,0.4450306481780504,0.3804072879107773
wav2vec2,17,25,0.7083333333333334,Posterior,0.17207262862908285,0.04400255039997142,0.4450306481780504,0.38665343461971874
wav2vec2,18,25,0.75,Posterior,0.16269255002925487,0.04421909264181274,0.4450306481780504,0.3655760579531231
wav2vec2,19,25,0.7916666666666666,Posterior,0.15769091927954595,0.04575330117572021,0.4450306481780504,0.35433721233611776
wav2vec2,20,25,0.8333333333333334,Posterior,0.1724835847418601,0.044340729692574535,0.4450306481780504,0.38757686790338064
wav2vec2,21,25,0.875,Posterior,0.18469575085147122,0.04119665493613394,0.4450306481780504,0.41501804787515917
wav2vec2,22,25,0.9166666666666666,Posterior,0.18648799517864745,0.02806216473348088,0.4450306481780504,0.4190452858519449
wav2vec2,23,25,0.9583333333333334,Posterior,0.0726084797123998,0.03456716851198676,0.4450306481780504,0.1631538861641506
wav2vec2,24,25,1.0,Posterior,0.06953454234577036,0.033635172658094,0.4450306481780504,0.156246637462934
wavlm,0,13,0.0,Posterior,0.12490679117682844,0.024539602225764137,0.4450306481780504,0.28067008797752513
wavlm,1,13,0.08333333333333333,Posterior,0.23272271662904884,0.03575654438819631,0.4450306481780504,0.5229363810825447
wavlm,2,13,0.16666666666666666,Posterior,0.20380165399677752,0.03908128124957024,0.4450306481780504,0.4579497048824363
wavlm,3,13,0.25,Posterior,0.1804683965802481,0.04430753613555384,0.4450306481780504,0.40551902957489183
wavlm,4,13,0.3333333333333333,Posterior,0.14983178188101934,0.04278237453905014,0.4450306481780504,0.3366774456870076
wavlm,5,13,0.4166666666666667,Posterior,0.15237540333176958,0.046117845947103005,0.4450306481780504,0.3423930552998821
wavlm,6,13,0.5,Posterior,0.1411278055033195,0.04344800256801776,0.4450306481780504,0.31711929522403653
wavlm,7,13,0.5833333333333334,Posterior,0.1353723663888982,0.042423862701279735,0.4450306481780504,0.30418661488396564
wavlm,8,13,0.6666666666666666,Posterior,0.12720805293106796,0.04516262934747332,0.4450306481780504,0.28584110656615686
wavlm,9,13,0.75,Posterior,0.13383562133107907,0.04526917120932661,0.4450306481780504,0.3007334930279529
wavlm,10,13,0.8333333333333334,Posterior,0.15147348748385084,0.04315486184959249,0.4450306481780504,0.3403664176927618
wavlm,11,13,0.9166666666666666,Posterior,0.1708551771817907,0.03320271647591791,0.4450306481780504,0.3839177770818022
wavlm,12,13,1.0,Posterior,0.1710990559843204,0.036169650972932815,0.4450306481780504,0.3844657815923413
whisper,0,7,0.0,Posterior,0.07231398303390155,0.012333327852574745,0.4450306481780504,0.16249214145127766
whisper,1,7,0.16666666666666666,Posterior,0.09603378631746842,0.033396934365619906,0.4450306481780504,0.21579139933537045
whisper,2,7,0.3333333333333333,Posterior,0.1324740811345859,0.03920730323278592,0.4450306481780504,0.2976740628469815
whisper,3,7,0.5,Posterior,0.11399940958743712,0.04807683177448878,0.4450306481780504,0.25616080612458764
whisper,4,7,0.6666666666666666,Posterior,0.07742564839885392,0.049801447404513005,0.4450306481780504,0.17397823883778232
whisper,5,7,0.8333333333333334,Posterior,0.090096426338523,0.0506871538069979,0.4450306481780504,0.2024499362175989
whisper,6,7,1.0,Posterior,0.07052805113298363,0.044502358969323,0.4450306481780504,0.15847908772513655
